case_name,time_day,reactive_area_m2,reactive_area_in2,Lx_m,Ly_m,Lz_m,nx,ny,nz,number_of_fractures,temperature_C,injection_rate_m3_day,aperture_m,permeability_m2,maximum_pressure_pa,analytical_generated_H2_m3_day,applied_generated_H2_m3_day,produced_H2_m3_day,cumulative_generated_H2_mol,cumulative_produced_H2_mol,stored_H2_mol,relative_H2_balance_error,inventory_remaining_fraction
field_150x50m_200C,1.0,15000.0,23250046.500093002,150.0,20.0,50.0,120,9,50,1,200.0,387.50077500155,0.005,6.14e-11,16793315.297198817,0.0031236030899721603,0.0031236030899721603,0.0030560234270698462,0.13935946684983316,0.13634440202863596,0.003015064821198218,7.266422956343805e-15,1.0
field_150x50m_200C,2.0,15000.0,23250046.500093002,150.0,20.0,50.0,120,9,50,1,200.0,387.50077500155,0.005,6.14e-11,16793315.297198817,0.007044335537597463,0.007044335537597463,0.006958520023202366,0.4536423051472126,0.4467985834867588,0.006843721660456196,5.3440255244512086e-15,1.0
field_150x50m_200C,3.0,15000.0,23250046.500093002,150.0,20.0,50.0,120,9,50,1,200.0,387.50077500155,0.005,6.14e-11,16793315.297198817,0.011965612748324526,0.011965612748324526,0.011857886691008037,0.9874877922679641,0.9758378754921142,0.011649916775855222,5.366729857933327e-15,1.0
field_150x50m_200C,4.0,15000.0,23250046.500093002,150.0,20.0,50.0,120,9,50,1,200.0,387.50077500155,0.005,6.14e-11,16793315.297198817,0.018142753843494785,0.018142753843494785,0.018007537002574455,1.796926261238018,1.7792436487844518,0.017682612453575258,5.118464829654323e-15,1.0
field_150x50m_200C,5.0,15000.0,23250046.500093002,150.0,20.0,50.0,120,9,50,1,200.0,387.50077500155,0.005,6.14e-11,16793315.297198817,0.025896222693315964,0.025896222693315964,0.02572650023020413,2.952285531931155,2.927030756404873,0.02525477552629643,4.9733331487972365e-15,1.0
field_150x50m_200C,6.0,15000.0,23250046.500093002,150.0,20.0,50.0,120,9,50,1,200.0,387.50077500155,0.005,6.14e-11,16793315.297198817,0.03562824523780112,0.03562824523780112,0.03541521247341673,4.541838723588205,4.507079497076629,0.034759226511599885,5.27539661982151e-15,1.0
field_150x50m_200C,7.0,15000.0,23250046.500093002,150.0,20.0,50.0,120,9,50,1,200.0,387.50077500155,0.005,6.14e-11,16793315.297198817,0.04784366308329165,0.04784366308329165,0.04757626909103878,6.676382449977588,6.6296934477788145,0.046689002198807394,5.096822412394197e-15,1.0
field_150x50m_200C,8.0,15000.0,23250046.500093002,150.0,20.0,50.0,120,9,50,1,200.0,387.50077500155,0.005,6.14e-11,16793315.297198817,0.06317610188276346,0.06317610188276346,0.06284047666479946,9.494982516131039,9.433319603966886,0.06166291216420076,5.101685891562293e-15,1.0
field_150x50m_200C,9.0,15000.0,23250046.500093002,150.0,20.0,50.0,120,9,50,1,200.0,387.50077500155,0.005,6.14e-11,16793315.297198817,0.08242080674873156,0.08242080674873156,0.0819995424701184,13.172184566132445,13.091726959642731,0.08045760648978538,5.384784363567845e-15,1.0
field_150x50m_200C,10.0,15000.0,23250046.500093002,150.0,20.0,50.0,120,9,50,1,200.0,387.50077500155,0.005,6.14e-11,16793315.297198817,0.10657583968602209,0.10657583968602209,0.10604708886367542,17.927062753248627,17.82301494320994,0.1040478100387859,5.552798766625287e-15,1.0
field_150x50m_200C,11.0,15000.0,23250046.500093002,150.0,20.0,50.0,120,9,50,1,200.0,387.50077500155,0.005,6.14e-11,16793315.297198817,0.136893762881251,0.136893762881251,0.13623010703622124,24.03457425861362,23.900917461110417,0.13365679750333537,5.496936975409294e-15,1.0
field_150x50m_200C,12.0,15000.0,23250046.500093002,150.0,20.0,50.0,120,9,50,1,200.0,387.50077500155,0.005,6.14e-11,16793315.297198817,0.17494646784297263,0.17494646784297263,0.17411349838763074,31.83980616023638,31.668986453152478,0.17081970708407684,5.4238769737271854e-15,1.0
field_150x50m_200C,13.0,15000.0,23250046.500093002,150.0,20.0,50.0,120,9,50,1,200.0,387.50077500155,0.005,6.14e-11,16793315.297198817,0.22270648000986346,0.22270648000986346,0.2216610184827297,41.77584970488987,41.558386760225275,0.2174629446648265,5.503165930754115e-15,1.0
field_150x50m_200C,14.0,15000.0,23250046.500093002,150.0,20.0,50.0,120,9,50,1,200.0,387.50077500155,0.005,6.14e-11,16793315.297198817,0.28264890366562895,0.28264890366562895,0.28133677014233993,54.38622284960429,54.110219103508044,0.27600374609654243,5.493321658920893e-15,1.0
field_150x50m_200C,15.0,15000.0,23250046.500093002,150.0,20.0,50.0,120,9,50,1,200.0,387.50077500155,0.005,6.14e-11,16793315.297198817,0.3578792120457974,0.3578792120457974,0.3562324277860856,70.35299415529704,70.0035191742712,0.34947498102618796,5.0095991421385705e-15,1.0
field_150x50m_200C,16.0,15000.0,23250046.500093002,150.0,20.0,50.0,120,9,50,1,200.0,387.50077500155,0.005,6.14e-11,16793315.297198817,0.4522933798969279,0.4522933798969279,0.4502266619942008,90.53205099017381,90.0903694461638,0.4416815440104271,4.612845794889583e-15,1.0
field_150x50m_200C,17.0,15000.0,23250046.500093002,150.0,20.0,50.0,120,9,50,1,200.0,387.50077500155,0.005,6.14e-11,16793315.297198817,0.570778457358766,0.570778457358766,0.568184828094549,115.9973163314233,115.43992008837623,0.5573962430476577,4.97984831012841e-15,1.0
field_150x50m_200C,18.0,15000.0,23250046.500093002,150.0,20.0,50.0,120,9,50,1,200.0,387.50077500155,0.005,6.14e-11,16793315.297198817,0.7194636620481081,0.7194636620481081,0.7162089523469751,148.0961680334001,147.39356300561434,0.7026050277865102,5.128448502291963e-15,1.0
field_150x50m_200C,19.0,15000.0,23250046.500093002,150.0,20.0,50.0,120,9,50,1,200.0,387.50077500155,0.005,6.14e-11,16793315.297198817,0.9060344982591242,0.9060344982591242,0.901950471389777,188.5188725153812,187.63405873996683,0.8848137754152924,4.956929284365155e-15,1.0
field_150x50m_200C,20.0,15000.0,23250046.500093002,150.0,20.0,50.0,120,9,50,1,200.0,387.50077500155,0.005,6.14e-11,16793315.297198817,1.1401253852714386,1.1401253852714386,1.1350011418388792,239.38553555060196,238.27210379390095,1.1134317567022525,5.213818459886736e-15,1.0
field_150x50m_200C,21.0,15000.0,23250046.500093002,150.0,20.0,50.0,120,9,50,1,200.0,387.50077500155,0.005,6.14e-11,16793315.297198817,1.4338098838364863,1.4338098838364863,1.427381130119746,303.35492449663957,301.9546740678256,1.4002504288155644,5.188886275459108e-15,1.0
field_150x50m_200C,22.0,15000.0,23250046.500093002,150.0,20.0,50.0,120,9,50,1,200.0,387.50077500155,0.005,6.14e-11,16793315.297198817,1.8022119424084464,1.8022119424084464,1.7941476092105142,383.760561259754,382.0005208247861,1.7600404349698107,5.002013764196062e-15,1.0
field_150x50m_200C,23.0,15000.0,23250046.500093002,150.0,20.0,50.0,120,9,50,1,200.0,387.50077500155,0.005,6.14e-11,16793315.297198817,2.2642667181916916,2.2642667181916916,2.2541523049183265,484.7807592695555,482.56946456166156,2.211294707896473,5.193155220172757e-15,1.0
field_150x50m_200C,24.0,15000.0,23250046.500093002,150.0,20.0,50.0,120,9,50,1,200.0,387.50077500155,0.005,6.14e-11,16793315.297198817,2.84366549710565,2.84366549710565,2.830982385006756,611.6508180321882,608.8736666231747,2.7771514090166898,5.170929653503223e-15,1.0
field_150x50m_200C,25.0,15000.0,23250046.500093002,150.0,20.0,50.0,120,9,50,1,200.0,387.50077500155,0.005,6.14e-11,16793315.297198817,3.570025992084841,3.570025992084841,3.5541258225300156,770.9274305103198,767.440893469343,3.4865370409809087,5.293857342474525e-15,1.0
field_150x50m_200C,26.0,15000.0,23250046.500093002,150.0,20.0,50.0,120,9,50,1,200.0,387.50077500155,0.005,6.14e-11,16793315.297198817,4.480336638104011,4.480336638104011,4.460409690822102,970.817527686371,966.4419504347263,4.375577251649638,5.0867149311791554e-15,1.0
field_150x50m_200C,27.0,15000.0,23250046.500093002,150.0,20.0,50.0,120,9,50,1,200.0,387.50077500155,0.005,6.14e-11,16793315.297198817,5.620730958413297,5.620730958413297,5.595767300962505,1221.5862864270373,1216.096956277615,5.489330149428628,5.133112341514002e-15,1.0
field_150x50m_200C,28.0,15000.0,23250046.500093002,150.0,20.0,50.0,120,9,50,1,200.0,387.50077500155,0.005,6.14e-11,16793315.297198817,7.048654748538702,7.048654748538702,7.017396781533498,1536.0618262030123,1529.1779227063425,6.883903496677884,5.298210476221187e-15,1.0
field_150x50m_200C,29.0,15000.0,23250046.500093002,150.0,20.0,50.0,120,9,50,1,200.0,387.50077500155,0.005,6.14e-11,16793315.297198817,8.835493120395268,8.835493120395268,8.79637804793558,1930.2571113103234,1921.6280899203864,8.629021389947008,5.209645911377318e-15,1.0
field_150x50m_200C,30.0,15000.0,23250046.500093002,150.0,20.0,50.0,120,9,50,1,200.0,387.50077500155,0.005,6.14e-11,16793315.297198817,11.069723711979428,11.069723711979428,11.020814481285116,2424.132533456278,2413.3214280699854,10.81110538630524,5.198344250897229e-15,1.0
field_150x50m_200C,31.0,15000.0,23250046.500093002,150.0,20.0,50.0,120,9,50,1,200.0,387.50077500155,0.005,6.14e-11,16793315.297198817,13.8606523576596,13.8606523576596,13.799555828708886,3042.525161173758,3028.98823581108,13.536925362693774,5.126724868482621e-15,1.0
field_150x50m_200C,32.0,15000.0,23250046.500093002,150.0,20.0,50.0,120,9,50,1,200.0,387.50077500155,0.005,6.14e-11,16793315.297198817,17.34276172059466,17.34276172059466,17.266533387786517,3816.272003352515,3799.334152996166,16.93785035636931,5.224425603812686e-15,1.0
field_150x50m_200C,33.0,15000.0,23250046.500093002,150.0,20.0,50.0,120,9,50,1,200.0,387.50077500155,0.005,6.14e-11,16793315.297198817,21.68065221648954,21.68065221648954,21.585687919679852,4783.553711949354,4762.379032075306,21.17467987407296,5.260497216553544e-15,1.0
field_150x50m_200C,34.0,15000.0,23250046.500093002,150.0,20.0,50.0,120,9,50,1,200.0,387.50077500155,0.005,6.14e-11,16793315.297198817,27.074464513622154,27.074464513622154,26.956381540313735,5991.480209389443,5965.037260874884,26.44294851459024,5.172398194958707e-15,1.0
field_150x50m_200C,35.0,15000.0,23250046.500093002,150.0,20.0,50.0,120,9,50,1,200.0,387.50077500155,0.005,6.14e-11,16793315.297198817,33.76552614777557,33.76552614777557,33.61903933183633,7497.928239539152,7464.949785718122,32.978453821067184,5.000760072407025e-15,1.0
field_150x50m_200C,36.0,15000.0,23250046.500093002,150.0,20.0,50.0,120,9,50,1,200.0,387.50077500155,0.005,6.14e-11,16793315.297198817,42.04173987819454,42.04173987819454,41.86054321331804,9373.619320033242,9332.556781940038,41.06253809324969,4.946105866413841e-15,1.0
field_150x50m_200C,37.0,15000.0,23250046.500093002,150.0,20.0,50.0,120,9,50,1,200.0,387.50077500155,0.005,6.14e-11,16793315.297198817,52.241906500539166,52.241906500539166,52.01857788793641,11704.390556784343,11653.364218717785,51.026338066614734,4.820772031911032e-15,1.0
field_150x50m_200C,38.0,15000.0,23250046.500093002,150.0,20.0,50.0,120,9,50,1,200.0,387.50077500155,0.005,6.14e-11,16793315.297198817,64.7577358537281,64.7577358537281,64.4836922046803,14593.555179508001,14530.302391497311,63.252788010762465,4.9667448118924685e-15,1.0
field_150x50m_200C,39.0,15000.0,23250046.500093002,150.0,20.0,50.0,120,9,50,1,200.0,387.50077500155,0.005,6.14e-11,16793315.297198817,80.03175649491072,80.03175649491072,79.69729830264517,18164.169817453512,18085.99518629722,78.17463115638124,4.86390980993354e-15,1.0
field_150x50m_200C,40.0,15000.0,23250046.500093002,150.0,20.0,50.0,120,9,50,1,200.0,387.50077500155,0.005,6.14e-11,16793315.297198817,98.54874764240807,98.54874764240807,98.1432450085919,22560.919511502238,22464.653391374042,96.26612012830385,4.810455416263805e-15,1.0
field_150x50m_200C,41.0,15000.0,23250046.500093002,150.0,20.0,50.0,120,9,50,1,200.0,387.50077500155,0.005,6.14e-11,16793315.297198817,120.8178359356006,120.8178359356006,120.33011863225806,27951.203973695538,27833.178359352005,118.02561434366727,4.816229985792273e-15,1.0
field_150x50m_200C,42.0,15000.0,23250046.500093002,150.0,20.0,50.0,120,9,50,1,200.0,387.50077500155,0.005,6.14e-11,16793315.297198817,147.34230207743354,147.34230207743354,146.76131848868337,34524.87677093982,34380.93058959575,143.9461813442429,4.9467534120513124e-15,1.0
field_150x50m_200C,43.0,15000.0,23250046.500093002,150.0,20.0,50.0,120,9,50,1,200.0,387.50077500155,0.005,6.14e-11,16793315.297198817,178.57484850397714,178.57484850397714,177.89064304845814,42491.98877700644,42317.51678788513,174.47198912152152,4.980422298645289e-15,1.0
field_150x50m_200C,44.0,15000.0,23250046.500093002,150.0,20.0,50.0,120,9,50,1,200.0,387.50077500155,0.005,6.14e-11,16793315.297198817,214.8580872275844,214.8580872275844,214.06310219559637,52077.876491273615,51867.93626658578,209.94022468809735,4.978913746166737e-15,1.0
field_150x50m_200C,45.0,15000.0,23250046.500093002,150.0,20.0,50.0,120,9,50,1,200.0,387.50077500155,0.005,6.14e-11,16793315.297198817,256.35368477374186,256.35368477374186,255.44431230510665,63515.089160754374,63264.577308127075,250.51185262761976,5.035040944388837e-15,1.0
field_150x50m_200C,46.0,15000.0,23250046.500093002,150.0,20.0,50.0,120,9,50,1,200.0,387.50077500155,0.005,6.14e-11,16793315.297198817,302.9688001875167,302.9688001875167,301.9469964612178,77032.03393578411,76735.93433771652,296.09959806799003,5.1366557323403855e-15,1.0
field_150x50m_200C,47.0,15000.0,23250046.500093002,150.0,20.0,50.0,120,9,50,1,200.0,387.50077500155,0.005,6.14e-11,16793315.297198817,354.2940483964091,354.2940483964091,353.1686993654446,92838.85326283012,92492.54624837257,346.30701445801026,4.992535141282281e-15,1.0
field_150x50m_200C,48.0,15000.0,23250046.500093002,150.0,20.0,50.0,120,9,50,1,200.0,387.50077500155,0.005,6.14e-11,16793315.297198817,409.57091647425364,409.57091647425364,408.35856273982836,111111.8485548018,110711.45241147725,400.39614332513406,5.195681373851264e-15,1.0
field_150x50m_200C,49.0,15000.0,23250046.500093002,150.0,20.0,50.0,120,9,50,1,200.0,387.50077500155,0.005,6.14e-11,16793315.297198817,467.70543561148384,467.70543561148384,466.429987173731,131978.5138359423,131521.21359527894,457.3002406640871,5.39540480774393e-15,1.0
field_150x50m_200C,50.0,15000.0,23250046.500093002,150.0,20.0,50.0,120,9,50,1,200.0,387.50077500155,0.005,6.14e-11,16793315.297198817,527.3369769817871,527.3369769817871,526.0282206141604,155505.63871243858,154989.9483420515,515.6903703878924,5.239640007251058e-15,1.0
field_150x50m_200C,51.0,15000.0,23250046.500093002,150.0,20.0,50.0,120,9,50,1,200.0,387.50077500155,0.005,6.14e-11,16793315.297198817,586.9571817823544,586.9571817823544,585.6481861132265,181692.71740354033,181118.6262269996,574.0911765416599,5.083263010476678e-15,1.0
field_150x50m_200C,52.0,15000.0,23250046.500093002,150.0,20.0,50.0,120,9,50,1,200.0,387.50077500155,0.005,6.14e-11,16793315.297198817,645.0588306561685,645.0588306561685,643.7826874246845,210471.99957790316,209840.97330582017,631.0262720840565,5.0558212171137835e-15,1.0
field_150x50m_200C,53.0,15000.0,23250046.500093002,150.0,20.0,50.0,120,9,50,1,200.0,387.50077500155,0.005,6.14e-11,16793315.297198817,700.2844765811636,700.2844765811636,699.071037344931,241715.17244223633,241030.00861165274,685.1638305848394,5.1482747778201315e-15,1.0
field_150x50m_200C,54.0,15000.0,23250046.500093002,150.0,20.0,50.0,120,9,50,1,200.0,387.50077500155,0.005,6.14e-11,16793315.297198817,751.5447464932535,751.5447464932535,750.4180155259105,275245.3208536423,274509.88795161486,735.4329020288988,5.280280619941761e-15,1.0
field_150x50m_200C,55.0,15000.0,23250046.500093002,150.0,20.0,50.0,120,9,50,1,200.0,387.50077500155,0.005,6.14e-11,16793315.297198817,798.086319706249,798.086319706249,797.0629452571945,310851.92028731096,310070.8295620902,781.0907252223877,5.301208084066938e-15,1.0
field_150x50m_200C,56.0,15000.0,23250046.500093002,150.0,20.0,50.0,120,9,50,1,200.0,387.50077500155,0.005,6.14e-11,16793315.297198817,839.5048233176202,839.5048233176202,838.5937966552481,348306.40513239085,347484.66897742206,821.7361549705976,5.183541397037275e-15,1.0
field_150x50m_200C,57.0,15000.0,23250046.500093002,150.0,20.0,50.0,120,9,50,1,200.0,387.50077500155,0.005,6.14e-11,16793315.297198817,875.7116800542008,875.7116800542008,874.9150483887596,387376.25790539884,386518.9800503568,857.2778550440104,5.140873493738691e-15,1.0
field_150x50m_200C,58.0,15000.0,23250046.500093002,150.0,20.0,50.0,120,9,50,1,200.0,387.50077500155,0.005,6.14e-11,16793315.297198817,906.8717753231585,906.8717753231585,906.1860008481901,427836.3174808052,426948.4438162259,887.8736645815001,5.1516120367875365e-15,1.0
field_150x50m_200C,59.0,15000.0,23250046.500093002,150.0,20.0,50.0,120,9,50,1,200.0,387.50077500155,0.005,6.14e-11,16793315.297198817,933.3298444477576,933.3298444477576,932.7474168330023,469476.8030901457,468562.9444333849,913.8586567632074,5.1898971152826646e-15,1.0
field_150x50m_200C,60.0,15000.0,23250046.500093002,150.0,20.0,50.0,120,9,50,1,200.0,387.50077500155,0.005,6.14e-11,16793315.297198817,955.5397365428105,955.5397365428105,955.0507268691387,512108.18243086175,511172.50662081863,935.6758100458437,5.322616811695764e-15,1.0
field_150x50m_200C,61.0,15000.0,23250046.500093002,150.0,20.0,50.0,120,9,50,1,200.0,387.50077500155,0.005,6.14e-11,16793315.297198817,974.0051070137071,974.0051070137071,973.5984735769812,555563.3937725994,554609.5760228434,953.8177497590133,5.3534149207328205e-15,1.0
field_150x50m_200C,62.0,15000.0,23250046.500093002,150.0,20.0,50.0,120,9,50,1,200.0,387.50077500155,0.005,6.14e-11,16793315.297198817,989.2349088021382,989.2349088021382,988.8994791124319,599698.0823066467,598729.2993704133,968.7829362367183,5.458198930853059e-15,1.0
field_150x50m_200C,63.0,15000.0,23250046.500093002,150.0,20.0,50.0,120,9,50,1,200.0,387.50077500155,0.005,6.14e-11,16793315.297198817,1001.7134001840178,1001.7134001840178,1001.4385341670237,644389.4983940929,643408.4523179918,981.0460761046295,5.42367740931198e-15,1.0
field_150x50m_200C,64.0,15000.0,23250046.500093002,150.0,20.0,50.0,120,9,50,1,200.0,387.50077500155,0.005,6.14e-11,16793315.297198817,1011.8824015596467,1011.8824015596467,1011.658385096587,689534.604201162,688543.5636366581,991.0405645076212,5.440206879549267e-15,1.0
field_150x50m_200C,65.0,15000.0,23250046.500093002,150.0,20.0,50.0,120,9,50,1,200.0,387.50077500155,0.005,6.14e-11,16793315.297198817,1020.1328430813788,1020.1328430813788,1019.9510766070287,735047.8032321862,734048.6531613761,999.1500708141728,5.529306299095141e-15,1.0
field_150x50m_200C,66.0,15000.0,23250046.500093002,150.0,20.0,50.0,120,9,50,1,200.0,387.50077500155,0.005,6.14e-11,16793315.297198817,1026.8027508495384,1026.8027508495384,1026.6557956630568,780858.5800167646,779852.8735443089,1005.7064724599064,5.463343420535958e-15,1.0
field_150x50m_200C,67.0,15000.0,23250046.500093002,150.0,20.0,50.0,120,9,50,1,200.0,387.50077500155,0.005,6.14e-11,16793315.297198817,1032.1793036895401,1032.1793036895401,1032.0608381242218,826909.231559976,825898.2397495477,1010.9918104327509,5.348817322084366e-15,1.0
field_150x50m_200C,68.0,15000.0,23250046.500093002,150.0,20.0,50.0,120,9,50,1,200.0,387.50077500155,0.005,6.14e-11,16793315.297198817,1036.5031795706523,1036.5031795706523,1036.4079043140478,873152.7927079484,872137.5501945396,1015.2425134134622,5.376199051949176e-15,1.0
field_150x50m_200C,69.0,15000.0,23250046.500093002,150.0,20.0,50.0,120,9,50,1,200.0,387.50077500155,0.005,6.14e-11,16793315.297198817,1039.9739527224713,1039.9739527224713,1039.8974726643926,919551.2023056316,918532.547636513,1018.6546691234923,5.3426747667597795e-15,1.0
field_150x50m_200C,70.0,15000.0,23250046.500093002,150.0,20.0,50.0,120,9,50,1,200.0,387.50077500155,0.005,6.14e-11,16793315.297198817,1042.7557397832718,1042.7557397832718,1042.694440134814,966073.7212573257,965052.3317060595,1021.3895512714224,5.3924165933605845e-15,1.0
field_150x50m_200C,71.0,15000.0,23250046.500093002,150.0,20.0,50.0,120,9,50,1,200.0,387.50077500155,0.005,6.14e-11,16793315.297198817,1044.9826166097162,1044.9826166097162,1044.9335439013746,1012695.5922580269,1011672.0133292136,1023.5789288188048,5.3979872597424705e-15,1.0
field_150x50m_200C,72.0,15000.0,23250046.500093002,150.0,20.0,50.0,120,9,50,1,200.0,387.50077500155,0.005,6.14e-11,16793315.297198817,1046.7635509694023,1046.7635509694023,1046.7243045949058,1059396.9195967172,1058371.5896919738,1025.3299047490898,5.304471142618276e-15,1.0
field_150x50m_200C,73.0,15000.0,23250046.500093002,150.0,20.0,50.0,120,9,50,1,200.0,387.50077500155,0.005,6.14e-11,16793315.297198817,1048.1867420961553,1048.1867420961553,1048.1553788431318,1106161.742568795,1105135.0133933716,1026.729175429453,5.377443907485755e-15,1.0
field_150x50m_200C,74.0,15000.0,23250046.500093002,150.0,20.0,50.0,120,9,50,1,200.0,387.50077500155,0.005,6.14e-11,16793315.297198817,1049.3233474383658,1049.3233474383658,1049.2982994668473,1152977.2751572828,1151949.4284672919,1027.8466899972989,5.5026302795317755e-15,1.0
field_150x50m_200C,75.0,15000.0,23250046.500093002,150.0,20.0,50.0,120,9,50,1,200.0,387.50077500155,0.005,6.14e-11,16793315.297198817,1050.230627640013,1050.230627640013,1050.2106332438766,1199833.2860272753,1198804.547287845,1028.738739436966,5.634155030809054e-15,1.0
field_150x50m_200C,76.0,15000.0,23250046.500093002,150.0,20.0,50.0,120,9,50,1,200.0,387.50077500155,0.005,6.14e-11,16793315.297198817,1050.954566292933,1050.954566292933,1050.9386122112753,1246721.5954005658,1245692.1448702165,1029.4505303561714,5.530043445324725e-15,1.0
field_150x50m_200C,77.0,15000.0,23250046.500093002,150.0,20.0,50.0,120,9,50,1,200.0,387.50077500155,0.005,6.14e-11,16793315.297198817,1051.532030831389,1051.532030831389,1051.5193046558622,1293635.6683385237,1292605.6500301997,1030.0183083311924,5.528283108412657e-15,1.0
field_150x50m_200C,78.0,15000.0,23250046.500093002,150.0,20.0,50.0,120,9,50,1,200.0,387.50077500155,0.005,6.14e-11,16793315.297198817,1051.9925415762439,1051.9925415762439,1051.9823927834207,1340570.2869508304,1339539.8158543909,1030.471096447016,5.591691390581609e-15,1.0
field_150x50m_200C,79.0,15000.0,23250046.500093002,150.0,20.0,50.0,120,9,50,1,200.0,387.50077500155,0.005,6.14e-11,16793315.297198817,1052.3597115889563,1052.3597115889563,1052.3516198205793,1387521.2868432617,1386490.4547327962,1030.832110473193,5.5414416208930506e-15,1.0
field_150x50m_200C,80.0,15000.0,23250046.500093002,150.0,20.0,50.0,120,9,50,1,200.0,387.50077500155,0.005,6.14e-11,16793315.297198817,1052.6524133024507,1052.6524133024507,1052.645962662613,1434485.3456146747,1433454.2257090884,1031.1199055942282,5.488883543491206e-15,1.0
field_150x50m_200C,81.0,15000.0,23250046.500093002,150.0,20.0,50.0,120,9,50,1,200.0,387.50077500155,0.005,6.14e-11,16793315.297198817,1052.885720436327,1052.885720436327,1052.8805787381743,1481459.813377516,1480428.4640752065,1031.3493023176368,5.448367908244061e-15,1.0
field_150x50m_200C,82.0,15000.0,23250046.500093002,150.0,20.0,50.0,120,9,50,1,200.0,387.50077500155,0.005,6.14e-11,16793315.297198817,1053.0716663709493,1053.0716663709493,1053.0675684264966,1528442.5771131702,1527411.0449811802,1031.5321319981465,5.3612219470983176e-15,1.0
field_150x50m_200C,83.0,15000.0,23250046.500093002,150.0,20.0,50.0,120,9,50,1,200.0,387.50077500155,0.005,6.14e-11,16793315.297198817,1053.2198534102836,1053.2198534102836,1053.2165876052427,1575431.9522095511,1574400.2743737581,1031.6778358013776,5.316631698519516e-15,1.0
field_150x50m_200C,84.0,15000.0,23250046.500093002,150.0,20.0,50.0,120,9,50,1,200.0,387.50077500155,0.005,6.14e-11,16793315.297198817,1053.3379414065848,1053.3379414065848,1053.3353389331287,1622426.5957986733,1621394.8018535979,1031.7939450840238,5.267039424964768e-15,1.0
field_150x50m_200C,85.0,15000.0,23250046.500093002,150.0,20.0,50.0,120,9,50,1,200.0,387.50077500155,0.005,6.14e-11,16793315.297198817,1053.4320390987725,1053.4320390987725,1053.4299653318521,1669425.4375537715,1668393.5510876414,1031.8864661389525,5.27361600890808e-15,1.0
field_150x50m_200C,86.0,15000.0,23250046.500093002,150.0,20.0,50.0,120,9,50,1,200.0,387.50077500155,0.005,6.14e-11,16793315.297198817,1053.507017195168,1053.507017195168,1053.5053647931707,1716427.6244546,1715395.6642665996,1031.9601880093091,5.153844001785565e-15,1.0
field_150x50m_200C,87.0,15000.0,23250046.500093002,150.0,20.0,50.0,120,9,50,1,200.0,387.50077500155,0.005,6.14e-11,16793315.297198817,1053.5667586342483,1053.5667586342483,1053.5654420239596,1763432.4767181072,1762400.4577895745,1032.0189285417368,5.112396618725367e-15,1.0
field_150x50m_200C,88.0,15000.0,23250046.500093002,150.0,20.0,50.0,120,9,50,1,200.0,387.50077500155,0.005,6.14e-11,16793315.297198817,1053.6143584926645,1053.6143584926645,1053.6133094638071,1810439.4526480022,1809407.3869170756,1032.0657309359133,5.1548548033005984e-15,1.0
field_150x50m_200C,89.0,15000.0,23250046.500093002,150.0,20.0,50.0,120,9,50,1,200.0,387.50077500155,0.005,6.14e-11,16793315.297198817,1053.652283585049,1053.652283585049,1053.6514477730746,1857448.1206048618,1856416.0175842065,1032.1030206646358,5.066994035104934e-15,1.0
field_150x50m_200C,90.0,15000.0,23250046.500093002,150.0,20.0,50.0,120,9,50,1,200.0,387.50077500155,0.005,6.14e-11,16793315.297198817,1053.6824998282566,1053.6824998282566,1053.681833907516,1904458.1366585896,1903426.0039278986,1032.1327307005968,5.041610199667025e-15,1.0
field_150x50m_200C,91.0,15000.0,23250046.500093002,150.0,20.0,50.0,120,9,50,1,200.0,387.50077500155,0.005,6.14e-11,16793315.297198817,1053.7065738460794,1053.7065738460794,1053.7060432906574,1951469.2267739675,1950437.0703725608,1032.156401416558,5.0307291808242994e-15,1.0
field_150x50m_200C,92.0,15000.0,23250046.500093002,150.0,20.0,50.0,120,9,50,1,200.0,387.50077500155,0.005,6.14e-11,16793315.297198817,1053.7257540022458,1053.7257540022458,1053.7253313001486,1998481.1726114908,1997448.9973512415,1032.175260259341,5.028094510096072e-15,1.0
field_150x50m_200C,93.0,15000.0,23250046.500093002,150.0,20.0,50.0,120,9,50,1,200.0,387.50077500155,0.005,6.14e-11,16793315.297198817,1053.741035012802,1053.741035012802,1053.7406982420207,2045493.800210884,2044461.6099256156,1032.1902852788428,5.0698202860459546e-15,1.0
field_150x50m_200C,94.0,15000.0,23250046.500093002,150.0,20.0,50.0,120,9,50,1,200.0,387.50077500155,0.005,6.14e-11,16793315.297198817,1053.7532094564847,1053.7532094564847,1053.7529411497933,2092506.970972751,2091474.7687169868,1032.2022557748874,5.0703345750862285e-15,1.0
field_150x50m_200C,95.0,15000.0,23250046.500093002,150.0,20.0,50.0,120,9,50,1,200.0,387.50077500155,0.005,6.14e-11,16793315.297198817,1053.7629088342385,1053.7629088342385,1053.76269507431,2139520.5744720926,2138488.362679435,1032.2117926685225,5.096968441457302e-15,1.0
field_150x50m_200C,96.0,15000.0,23250046.500093002,150.0,20.0,50.0,120,9,50,1,200.0,387.50077500155,0.005,6.14e-11,16793315.297198817,1053.770636294666,1053.770636294666,1053.7704659928645,2186534.522731871,2185502.303341203,1032.219390679018,5.050496369538035e-15,1.0
field_150x50m_200C,97.0,15000.0,23250046.500093002,150.0,20.0,50.0,120,9,50,1,200.0,387.50077500155,0.005,6.14e-11,16793315.297198817,1053.7767927147374,1053.7767927147374,1053.7766570363362,2233548.745660163,2232516.5202162066,1032.2254439675057,4.953349830046699e-15,1.0
field_150x50m_200C,98.0,15000.0,23250046.500093002,150.0,20.0,50.0,120,9,50,1,200.0,387.50077500155,0.005,6.14e-11,16793315.297198817,1053.781697483507,1053.781697483507,1053.7815893896452,2280563.18741458,2279530.957148019,1032.2302665724383,5.103079041225774e-15,1.0
field_150x50m_200C,99.0,15000.0,23250046.500093002,150.0,20.0,50.0,120,9,50,1,200.0,387.50077500155,0.005,6.14e-11,16793315.297198817,1053.7557586695384,1053.7557586695384,1053.7563182838494,2327576.471909518,2326544.2666101344,1032.2052993954155,5.121429876236404e-15,1.0
field_150x50m_200C,100.0,15000.0,23250046.500093002,150.0,20.0,50.0,120,9,50,1,200.0,387.50077500155,0.005,6.14e-11,16793315.297198817,1053.4423292732265,1053.4423292732265,1053.4491185716013,2374575.7727604695,2373543.8703654483,1031.902395033425,5.160724602796066e-15,1.0
field_150x50m_200C,101.0,15000.0,23250046.500093002,150.0,20.0,50.0,120,9,50,1,200.0,387.50077500155,0.005,6.14e-11,16793315.297198817,1052.7827982373403,1052.7827982373403,1052.7971667116885,2421545.6486522043,2420514.387306275,1031.261345941673,5.040905649100386e-15,1.0
field_150x50m_200C,102.0,15000.0,23250046.500093002,150.0,20.0,50.0,120,9,50,1,200.0,387.50077500155,0.005,6.14e-11,16793315.297198817,1051.7779441659734,1051.7779441659734,1051.7998944483681,2468470.693006892,2467440.4109722143,1030.2820346902568,4.998135246998539e-15,1.0
field_150x50m_200C,103.0,15000.0,23250046.500093002,150.0,20.0,50.0,120,9,50,1,200.0,387.50077500155,0.005,6.14e-11,16793315.297198817,1050.428858947279,1050.428858947279,1050.4583673822149,2515335.5479612635,2514306.5824446073,1028.9655166689122,5.065191616328349e-15,1.0
field_150x50m_200C,104.0,15000.0,23250046.500093002,150.0,20.0,50.0,120,9,50,1,200.0,387.50077500155,0.005,6.14e-11,16793315.297198817,1048.7369512124365,1048.7369512124365,1048.7739869771137,2562124.9184980905,2561097.6053310675,1027.3131670359714,5.060104410403794e-15,1.0
field_150x50m_200C,105.0,15000.0,23250046.500093002,150.0,20.0,50.0,120,9,50,1,200.0,387.50077500155,0.005,6.14e-11,16793315.297198817,1046.7039482362081,1046.7039482362081,1046.748473510527,2608823.5866624615,2607798.2599893403,1025.3266731342155,4.992274754020543e-15,1.0
field_150x50m_200C,106.0,15000.0,23250046.500093002,150.0,20.0,50.0,120,9,50,1,200.0,387.50077500155,0.005,6.14e-11,16793315.297198817,1044.331896482649,1044.331896482649,1044.3838664386828,2655416.425802403,2654393.417767456,1023.008034960366,4.909858999916731e-15,1.0
field_150x50m_200C,107.0,15000.0,23250046.500093002,150.0,20.0,50.0,120,9,50,1,200.0,387.50077500155,0.005,6.14e-11,16793315.297198817,1041.6231609618703,1041.6231609618703,1041.6825237776177,2701888.4147808035,2700868.0552162654,1020.359564551586,4.986227875594051e-15,1.0
field_150x50m_200C,108.0,15000.0,23250046.500093002,150.0,20.0,50.0,120,9,50,1,200.0,387.50077500155,0.005,6.14e-11,16793315.297198817,1038.580423533662,1038.580423533662,1038.647120429951,2748224.6521116532,2747207.2682273276,1017.3838843390354,4.880191875649326e-15,1.0
field_150x50m_200C,109.0,15000.0,23250046.500093002,150.0,20.0,50.0,120,9,50,1,200.0,387.50077500155,0.005,6.14e-11,16793315.297198817,1035.2066802697514,1035.2066802697514,1035.2806455678474,2794410.3699786,2793396.286054036,1014.0839245777039,4.8799641757608245e-15,1.0
field_150x50m_200C,110.0,15000.0,23250046.500093002,150.0,20.0,50.0,120,9,50,1,200.0,387.50077500155,0.005,6.14e-11,16793315.297198817,1031.5052379673584,1031.5052379673584,1031.5863991652327,2840430.948097961,2839420.4851780315,1010.46291994355,4.935701667630548e-15,1.0
field_150x50m_200C,111.0,15000.0,23250046.500093002,150.0,20.0,50.0,120,9,50,1,200.0,387.50077500155,0.005,6.14e-11,16793315.297198817,1027.4797098915456,1027.4797098915456,1027.5679877571104,2886271.927391775,2885265.402986415,1006.5244053740902,4.966260255806056e-15,1.0
field_150x50m_200C,112.0,15000.0,23250046.500093002,150.0,20.0,50.0,120,9,50,1,200.0,387.50077500155,0.005,6.14e-11,16793315.297198817,1023.1340108118318,1023.1340108118318,1023.2293194916813,2931919.023439416,2930916.7512282142,1002.2722112167338,5.040785607930946e-15,1.0
field_150x50m_200C,113.0,15000.0,23250046.500093002,150.0,20.0,50.0,120,9,50,1,200.0,387.50077500155,0.005,6.14e-11,16793315.297198817,1018.4723513890923,1018.4723513890923,1018.5745985315274,2977358.1396787795,2976360.4292210545,997.7104577398758,5.0014282349307814e-15,1.0
field_150x50m_200C,114.0,15000.0,23250046.500093002,150.0,20.0,50.0,120,9,50,1,200.0,387.50077500155,0.005,6.14e-11,16793315.297198817,1013.4992319613209,1013.4992319613209,1013.6083188525998,3022575.380330217,3021582.536781178,992.8435490544564,5.042567237585662e-15,1.0
field_150x50m_200C,115.0,15000.0,23250046.500093002,150.0,20.0,50.0,120,9,50,1,200.0,387.50077500155,0.005,6.14e-11,16793315.297198817,1008.2194357710289,1008.2194357710289,1008.33525748388,3067557.063018315,3066569.3868518425,987.67616648794,5.0362980815961454e-15,1.0
field_150x50m_200C,116.0,15000.0,23250046.500093002,150.0,20.0,50.0,120,9,50,1,200.0,387.50077500155,0.005,6.14e-11,16793315.297198817,1002.6380216725571,1002.6380216725571,1002.760467226121,3112289.7310683085,3111307.517806876,982.2132614482994,5.082848147899578e-15,1.0
field_150x50m_200C,117.0,15000.0,23250046.500093002,150.0,20.0,50.0,120,9,50,1,200.0,387.50077500155,0.005,6.14e-11,16793315.297198817,996.7603163540867,996.7603163540867,996.8892688845333,3156760.165455481,3155783.705407685,976.4600478121226,5.1380847095182024e-15,1.0
field_150x50m_200C,118.0,15000.0,23250046.500093002,150.0,20.0,50.0,120,9,50,1,200.0,387.50077500155,0.005,6.14e-11,16793315.297198817,990.5919061064945,990.5919061064945,990.7272430475955,3200955.396387331,3199984.9743934795,970.4219938683593,5.216455256568073e-15,1.0
field_150x50m_200C,119.0,15000.0,23250046.500093002,150.0,20.0,50.0,120,9,50,1,200.0,387.50077500155,0.005,6.14e-11,16793315.297198817,984.138628169174,984.138628169174,984.2802214421727,3244862.7144996347,3243898.6096858047,964.1048138472545,5.318807096952906e-15,1.0
field_150x50m_200C,120.0,15000.0,23250046.500093002,150.0,20.0,50.0,120,9,50,1,200.0,387.50077500155,0.005,6.14e-11,16793315.297198817,977.4065616814482,977.4065616814482,977.554277893598,3288469.6816488025,3287512.1671897573,957.5144590625241,5.286927477578019e-15,1.0
field_150x50m_200C,121.0,15000.0,23250046.500093002,150.0,20.0,50.0,120,9,50,1,200.0,387.50077500155,0.005,6.14e-11,16793315.297198817,970.402018267085,970.402018267085,970.5557189182568,3331764.141284168,3330813.484175492,950.6571086937392,5.278008680410888e-15,1.0
field_150x50m_200C,122.0,15000.0,23250046.500093002,150.0,20.0,50.0,120,9,50,1,200.0,387.50077500155,0.005,6.14e-11,16793315.297198817,963.1315322786137,963.1315322786137,963.2910739753703,3374734.2283850256,3373790.689224808,943.5391602350803,5.1726026417069514e-15,1.0
field_150x50m_200C,123.0,15000.0,23250046.500093002,150.0,20.0,50.0,120,9,50,1,200.0,387.50077500155,0.005,6.14e-11,16793315.297198817,955.6018507275732,955.6018507275732,955.7670854041656,3417368.3789484045,3416432.211728786,936.1672196360772,5.191671555601277e-15,1.0
field_150x50m_200C,124.0,15000.0,23250046.500093002,150.0,20.0,50.0,120,9,50,1,200.0,387.50077500155,0.005,6.14e-11,16793315.297198817,947.8199229264109,947.8199229264109,947.9906980720887,3459655.3390147206,3458726.790923579,928.5480911595074,5.202939689970094e-15,1.0
field_150x50m_200C,125.0,15000.0,23250046.500093002,150.0,20.0,50.0,120,9,50,1,200.0,387.50077500155,0.005,6.14e-11,16793315.297198817,939.7928898674678,939.7928898674678,939.9690487596005,3501584.173219569,3500663.4844526057,920.6887669814162,5.169631666006203e-15,1.0
field_150x50m_200C,126.0,15000.0,23250046.500093002,150.0,20.0,50.0,120,9,50,1,200.0,387.50077500155,0.005,6.14e-11,16793315.297198817,931.5280733642976,931.5280733642976,931.709455306694,3543144.2728610565,3542231.6764445165,912.5964165579369,5.068564423156088e-15,1.0
field_150x50m_200C,127.0,15000.0,23250046.500093002,150.0,20.0,50.0,120,9,50,1,200.0,387.50077500155,0.005,6.14e-11,16793315.297198817,923.032964980429,923.032964980429,923.2194055463513,3584325.3634731933,3583421.0850974275,904.2783757835637,4.963071098570662e-15,1.0
field_150x50m_200C,128.0,15000.0,23250046.500093002,150.0,20.0,50.0,120,9,50,1,200.0,387.50077500155,0.005,6.14e-11,16793315.297198817,914.3152147705689,914.3152147705689,914.5065460498602,3625117.5118969716,3624221.7697610245,895.7421359653202,5.02485805986724e-15,1.0
field_150x50m_200C,129.0,15000.0,23250046.500093002,150.0,20.0,50.0,120,9,50,1,200.0,387.50077500155,0.005,6.14e-11,16793315.297198817,905.3826198591622,905.3826198591622,905.5786707089619,3665511.1328418795,3664624.1375092603,886.9953326372671,4.935677901073024e-15,1.0
field_150x50m_200C,130.0,15000.0,23250046.500093002,150.0,20.0,50.0,120,9,50,1,200.0,387.50077500155,0.005,6.14e-11,16793315.297198817,896.2431128811171,896.2431128811171,896.4437091796063,3705496.9949316946,3704618.9491974735,878.0457342396224,4.9944013657282304e-15,1.0
field_150x50m_200C,131.0,15000.0,23250046.500093002,150.0,20.0,50.0,120,9,50,1,200.0,387.50077500155,0.005,6.14e-11,16793315.297198817,886.9047503094087,886.9047503094087,887.1097152120482,3745066.2262295177,3744197.3249988495,868.901230686726,4.9511943143230894e-15,1.0
field_150x50m_200C,132.0,15000.0,23250046.500093002,150.0,20.0,50.0,120,9,50,1,200.0,387.50077500155,0.005,6.14e-11,16793315.297198817,877.3757006941242,877.3757006941242,877.5848548918416,3784210.3192380895,3783350.74941626,859.5698218478918,4.875494297854616e-15,1.0
field_150x50m_200C,133.0,15000.0,23250046.500093002,150.0,20.0,50.0,120,9,50,1,200.0,387.50077500155,0.005,6.14e-11,16793315.297198817,867.664232837368,867.664232837368,867.8773948161698,3822921.1353725307,3822071.0757665844,850.0596059650923,4.9160237625275986e-15,1.0
field_150x50m_200C,134.0,15000.0,23250046.500093002,150.0,20.0,50.0,120,9,50,1,200.0,387.50077500155,0.005,6.14e-11,16793315.297198817,857.7787039282182,857.7787039282182,857.9956902296739,3861190.9089037264,3860350.530135714,840.3787680311457,4.856640593777149e-15,1.0
field_150x50m_200C,135.0,15000.0,23250046.500093002,150.0,20.0,50.0,120,9,50,1,200.0,387.50077500155,0.005,6.14e-11,16793315.297198817,847.7275476617108,847.7275476617108,847.948173143808,3899012.2503716354,3898181.7148035024,830.5355681519238,4.854374813291984e-15,1.0
field_150x50m_200C,136.0,15000.0,23250046.500093002,150.0,20.0,50.0,120,9,50,1,200.0,387.50077500155,0.005,6.14e-11,16793315.297198817,837.519262365514,837.519262365514,837.7433404633434,3936378.1494688746,3935557.6111389776,820.5383299157453,4.766446191048471e-15,1.0
field_150x50m_200C,137.0,15000.0,23250046.500093002,150.0,20.0,50.0,120,9,50,1,200.0,387.50077500155,0.005,6.14e-11,16793315.297198817,827.162399157643,827.162399157643,827.3897421434159,3973281.977395958,3972471.581967184,810.3954287928343,4.7535637303097825e-15,1.0
field_150x50m_200C,138.0,15000.0,23250046.500093002,150.0,20.0,50.0,120,9,50,1,200.0,387.50077500155,0.005,6.14e-11,16793315.297198817,816.6655501581727,816.6655501581727,816.8959694000549,4009717.4886906026,4008917.3734100345,800.1152805873483,4.791911773715719e-15,1.0
field_150x50m_200C,139.0,15000.0,23250046.500093002,150.0,20.0,50.0,120,9,50,1,200.0,387.50077500155,0.005,6.14e-11,16793315.297198817,806.0373367774855,806.0373367774855,806.2706429967603,4045678.8225345165,4044889.116204572,789.7063299640408,4.8192883134115384e-15,1.0
field_150x50m_200C,140.0,15000.0,23250046.500093002,150.0,20.0,50.0,120,9,50,1,200.0,387.50077500155,0.005,6.14e-11,16793315.297198817,795.2863981031135,795.2863981031135,795.5224016291902,4081160.5035420614,4080381.32650301,779.177039071192,4.842629253627316e-15,1.0
field_150x50m_200C,141.0,15000.0,23250046.500093002,150.0,20.0,50.0,120,9,50,1,200.0,387.50077500155,0.005,6.14e-11,16793315.297198817,784.4213794067124,784.4213794067124,784.659890429498,4116157.4420361593,4115388.9061598983,768.5358762808944,4.816149265433012e-15,1.0
field_150x50m_200C,142.0,15000.0,23250046.500093002,150.0,20.0,50.0,120,9,50,1,200.0,387.50077500155,0.005,6.14e-11,16793315.297198817,773.4509207921436,773.4509207921436,773.6917496113293,4150664.9338177308,4149907.1425126838,757.7913050672645,4.883614987510468e-15,1.0
field_150x50m_200C,143.0,15000.0,23250046.500093002,150.0,20.0,50.0,120,9,50,1,200.0,387.50077500155,0.005,6.14e-11,16793315.297198817,762.3836460050217,762.3836460050217,762.6266032758283,4184678.659435872,4183931.70766285,746.9517730425193,4.942673695483417e-15,1.0
field_150x50m_200C,144.0,15000.0,23250046.500093002,150.0,20.0,50.0,120,9,50,1,200.0,387.50077500155,0.005,6.14e-11,16793315.297198817,751.2281514234393,751.2281514234393,751.4730483983886,4218194.682966854,4217458.657265705,736.0257011702419,4.948814605428074e-15,1.0
field_150x50m_200C,145.0,15000.0,23250046.500093002,150.0,20.0,50.0,120,9,50,1,200.0,387.50077500155,0.005,6.14e-11,16793315.297198817,739.9929952488837,739.9929952488837,740.2396440151848,4251209.450310876,4250484.428837722,725.0214731744653,4.932952702461866e-15,1.0
field_150x50m_200C,146.0,15000.0,23250046.500093002,150.0,20.0,50.0,120,9,50,1,200.0,387.50077500155,0.005,6.14e-11,16793315.297198817,728.6866869156291,728.6866869156291,728.9349006277723,4283719.787016311,4283005.83959117,713.9474251625059,5.0205417040428615e-15,1.0
field_150x50m_200C,147.0,15000.0,23250046.500093002,150.0,20.0,50.0,120,9,50,1,200.0,387.50077500155,0.005,6.14e-11,16793315.297198817,717.3176767361193,717.3176767361193,717.5672698432962,4315722.8956419965,4315020.08380654,702.8118354787042,5.112627260616119e-15,1.0
field_150x50m_200C,148.0,15000.0,23250046.500093002,150.0,20.0,50.0,120,9,50,1,200.0,387.50077500155,0.005,6.14e-11,16793315.297198817,705.8943457990583,705.8943457990583,706.145134267032,4347216.3526688125,4346524.72975403,691.6229148054605,5.2298311494087604e-15,1.0
field_150x50m_200C,149.0,15000.0,23250046.500093002,150.0,20.0,50.0,120,9,50,1,200.0,387.50077500155,0.005,6.14e-11,16793315.297198817,694.4249961360914,694.4249961360914,694.6767976631852,4378198.104972555,4377517.716176051,680.3887965271451,5.152392958750172e-15,1.0
field_150x50m_200C,150.0,15000.0,23250046.500093002,150.0,20.0,50.0,120,9,50,1,200.0,387.50077500155,0.005,6.14e-11,16793315.297198817,682.9178411721009,682.9178411721009,683.1704753989568,4408666.465870748,4407997.348343399,669.1175273715994,5.144119046342876e-15,1.0
field_150x50m_200C,151.0,15000.0,23250046.500093002,150.0,20.0,50.0,120,9,50,1,200.0,387.50077500155,0.005,6.14e-11,16793315.297198817,671.3809964732545,671.3809964732545,671.6342851860624,4438620.110756679,4437962.293698359,657.817058343099,5.168673124998671e-15,1.0
field_150x50m_200C,152.0,15000.0,23250046.500093002,150.0,20.0,50.0,120,9,50,1,200.0,387.50077500155,0.005,6.14e-11,16793315.297198817,659.8224708060397,659.8224708060397,660.0762381329429,4468058.0723345345,4467411.577098598,646.4952359597492,5.155025505379079e-15,1.0
field_150x50m_200C,153.0,15000.0,23250046.500093002,150.0,20.0,50.0,120,9,50,1,200.0,387.50077500155,0.005,6.14e-11,16793315.297198817,648.2501575195897,648.2501575195897,648.5042301199966,4496979.7354700565,4496344.575676273,635.1597938073849,5.220011431512715e-15,1.0
field_150x50m_200C,154.0,15000.0,23250046.500093002,150.0,20.0,50.0,120,9,50,1,200.0,387.50077500155,0.005,6.14e-11,16793315.297198817,636.6718262626624,636.6718262626624,636.9260335092097,4525384.831671656,4524761.013327259,623.8183444211112,5.224050047245169e-15,1.0
field_150x50m_200C,155.0,15000.0,23250046.500093002,150.0,20.0,50.0,120,9,50,1,200.0,387.50077500155,0.005,6.14e-11,16793315.297198817,625.0951150456765,625.0951150456765,625.3492891986286,4553273.433217372,4552660.954845891,612.4783715046976,5.31876635575159e-15,1.0
field_150x50m_200C,156.0,15000.0,23250046.500093002,150.0,20.0,50.0,120,9,50,1,200.0,387.50077500155,0.005,6.14e-11,16793315.297198817,613.5275226572494,613.5275226572494,613.7814990311091,4580645.946943492,4580044.799721019,601.1472224970843,5.398693173005487e-15,1.0
field_150x50m_200C,157.0,15000.0,23250046.500093002,150.0,20.0,50.0,120,9,50,1,200.0,387.50077500155,0.005,6.14e-11,16793315.297198817,601.9764014436951,601.9764014436951,602.2300185658545,4607503.107711034,4606913.275609565,589.8321014943057,5.5078675767490945e-15,1.0
field_150x50m_200C,158.0,15000.0,23250046.500093002,150.0,20.0,50.0,120,9,50,1,200.0,387.50077500155,0.005,6.14e-11,16793315.297198817,590.4489504589731,590.4489504589731,590.7020502202283,4633845.971566614,4633267.431504105,578.5400625341769,5.531266853090099e-15,1.0
field_150x50m_200C,159.0,15000.0,23250046.500093002,150.0,20.0,50.0,120,9,50,1,200.0,387.50077500155,0.005,6.14e-11,16793315.297198817,578.9522089915904,578.9522089915904,579.2046367883856,4659675.908614512,4659108.630611287,567.2780032501321,5.571286480619201e-15,1.0
field_150x50m_200C,160.0,15000.0,23250046.500093002,150.0,20.0,50.0,120,9,50,1,200.0,387.50077500155,0.005,6.14e-11,16793315.297198817,567.4930504739851,567.4930504739851,567.7446553422592,4684994.595617009,4684438.542958136,556.0526588996423,5.556490035802262e-15,1.0
field_150x50m_200C,161.0,15000.0,23250046.500093002,150.0,20.0,50.0,120,9,50,1,200.0,387.50077500155,0.005,6.14e-11,16793315.297198817,556.0781767789409,556.0781767789409,556.3288115194798,4709804.00834026,4709259.137743514,544.8705967716828,5.4567125277056365e-15,1.0
field_150x50m_200C,162.0,15000.0,23250046.500093002,150.0,20.0,50.0,120,9,50,1,200.0,387.50077500155,0.005,6.14e-11,16793315.297198817,544.714112906618,544.714112906618,544.9636342018277,4734106.413663122,4733572.675452171,533.7382109767724,5.448608601060326e-15,1.0
field_150x50m_200C,163.0,15000.0,23250046.500093002,150.0,20.0,50.0,120,9,50,1,200.0,387.50077500155,0.005,6.14e-11,16793315.297198817,533.4072020648222,533.4072020648222,533.6554705868747,4757904.361466495,4757381.6997489,522.6617176221786,5.6003720730143404e-15,1.0
field_150x50m_200C,164.0,15000.0,23250046.500093002,150.0,20.0,50.0,120,9,50,1,200.0,387.50077500155,0.005,6.14e-11,16793315.297198817,522.1636011441923,522.1636011441923,522.410481654497,4781200.676320791,4780689.029170444,511.647150373931,5.630745730217226e-15,1.0
field_150x50m_200C,165.0,15000.0,23250046.500093002,150.0,20.0,50.0,120,9,50,1,200.0,387.50077500155,0.005,6.14e-11,16793315.297198817,510.98927658905205,510.98927658905205,511.2346380290428,4803998.448989171,4803497.748632791,500.7003564064046,5.673031829982315e-15,1.0
field_150x50m_200C,166.0,15000.0,23250046.500093002,150.0,20.0,50.0,120,9,50,1,200.0,387.50077500155,0.005,6.14e-11,16793315.297198817,499.89000066375576,499.89000066375576,500.1337162369925,4826301.027764211,4825811.200771499,489.82699273930155,5.6602196518230634e-15,1.0
field_150x50m_200C,167.0,15000.0,23250046.500093002,150.0,20.0,50.0,120,9,50,1,200.0,387.50077500155,0.005,6.14e-11,16793315.297198817,488.8713481134681,488.8713481134681,489.11329535908146,4848112.009655595,4847632.977132661,479.03252296102653,5.6658963301077914e-15,1.0
field_150x50m_200C,168.0,15000.0,23250046.500093002,150.0,20.0,50.0,120,9,50,1,200.0,387.50077500155,0.005,6.14e-11,16793315.297198817,477.9386932174385,477.9386932174385,478.1787540749499,4869435.231446326,4868966.909232017,468.3222143365457,5.630952801017906e-15,1.0
field_150x50m_200C,169.0,15000.0,23250046.500093002,150.0,20.0,50.0,120,9,50,1,200.0,387.50077500155,0.005,6.14e-11,16793315.297198817,467.0972072319829,467.0972072319829,467.33526809757683,4890274.7606348675,4889817.059499598,457.70113529703485,5.657892280421481e-15,1.0
field_150x50m_200C,170.0,15000.0,23250046.500093002,150.0,20.0,50.0,120,9,50,1,200.0,387.50077500155,0.005,6.14e-11,16793315.297198817,456.35185621956396,456.35185621956396,456.5878079938739,4910634.886280427,4910187.712127146,447.17415330777135,5.56484157669553e-15,1.0
field_150x50m_200C,171.0,15000.0,23250046.500093002,150.0,20.0,50.0,120,9,50,1,200.0,387.50077500155,0.005,6.14e-11,16793315.297198817,445.7073992595612,445.7073992595612,445.941137387077,4930520.109768406,4930083.363835324,436.7459331099808,5.684203412862505e-15,1.0
field_150x50m_200C,172.0,15000.0,23250046.500093002,150.0,20.0,50.0,120,9,50,1,200.0,387.50077500155,0.005,6.14e-11,16793315.297198817,435.1683870355544,435.1683870355544,435.39981153576207,4949935.135512831,4949508.714577528,426.4209353315669,5.776664690949812e-15,1.0
field_150x50m_200C,173.0,15000.0,23250046.500093002,150.0,20.0,50.0,120,9,50,1,200.0,387.50077500155,0.005,6.14e-11,16793315.297198817,424.7391607932122,424.7391607932122,424.9681762835943,4968884.861612287,4968468.658196854,416.2034154609563,5.637364200058692e-15,1.0
field_150x50m_200C,174.0,15000.0,23250046.500093002,150.0,20.0,50.0,120,9,50,1,200.0,387.50077500155,0.005,6.14e-11,16793315.297198817,414.4238516621677,414.4238516621677,414.65036737320975,4987374.370475595,4986968.273052445,406.09742317757804,5.488642451345068e-15,1.0
field_150x50m_200C,175.0,15000.0,23250046.500093002,150.0,20.0,50.0,120,9,50,1,200.0,387.50077500155,0.005,6.14e-11,16793315.297198817,404.2263803345954,404.2263803345954,404.4503101169577,5005408.919433148,5005012.812631143,396.10680203185717,5.4876048638147485e-15,1.0
field_150x50m_200C,176.0,15000.0,23250046.500093002,150.0,20.0,50.0,120,9,50,1,200.0,387.50077500155,0.005,6.14e-11,16793315.297198817,394.1504570925677,394.1504570925677,394.37171941659915,5022993.931349475,5022607.696160036,386.2351894669685,5.6084027762782076e-15,1.0
field_150x50m_200C,177.0,15000.0,23250046.500093002,150.0,20.0,50.0,120,9,50,1,200.0,387.50077500155,0.005,6.14e-11,16793315.297198817,384.1995821756688,384.1995821756688,384.4181001234453,5040134.9852522,5039758.499235054,376.48601717401203,5.528472174489149e-15,1.0
field_150x50m_200C,178.0,15000.0,23250046.500093002,150.0,20.0,50.0,120,9,50,1,200.0,387.50077500155,0.005,6.14e-11,16793315.297198817,374.3770464797782,374.3770464797782,374.5927477298669,5056837.806992174,5056470.94448043,366.8625117717155,5.522048206308965e-15,1.0
field_150x50m_200C,179.0,15000.0,23250046.500093002,150.0,20.0,50.0,120,9,50,1,200.0,387.50077500155,0.005,6.14e-11,16793315.297198817,364.6859325774152,364.6859325774152,364.89874938257844,5073108.259949139,5072750.892253366,357.3676958012633,5.56718592052477e-15,1.0
field_150x50m_200C,180.0,15000.0,23250046.500093002,150.0,20.0,50.0,120,9,50,1,200.0,387.50077500155,0.005,6.14e-11,16793315.297198817,355.1291160495421,355.1291160495421,355.3389852075967,5088952.335796803,5088604.331407805,348.0043890263561,5.5204870621966554e-15,1.0
field_150x50m_200C,181.0,15000.0,23250046.500093002,150.0,20.0,50.0,120,9,50,1,200.0,387.50077500155,0.005,6.14e-11,16793315.297198817,345.70926711827695,345.70926711827695,345.9161299363436,5104376.145340761,5104037.3701307615,338.77521002818133,5.590902217279076e-15,1.0
field_150x50m_200C,182.0,15000.0,23250046.500093002,150.0,20.0,50.0,120,9,50,1,200.0,387.50077500155,0.005,6.14e-11,16793315.297198817,336.4288525695572,336.4288525695572,336.632654821943,5119385.909442196,5119056.22686414,329.68257808456275,5.5560114584307914e-15,1.0
field_150x50m_200C,183.0,15000.0,23250046.500093002,150.0,20.0,50.0,120,9,50,1,200.0,387.50077500155,0.005,6.14e-11,16793315.297198817,327.29013795441995,327.29013795441995,327.4908298343774,5133987.950039787,5133667.221324494,320.7287153221911,5.664536381148423e-15,1.0
field_150x50m_200C,184.0,15000.0,23250046.500093002,150.0,20.0,50.0,120,9,50,1,200.0,387.50077500155,0.005,6.14e-11,16793315.297198817,318.2951900572376,318.2951900572376,318.49272612285966,5148188.6812817445,5147876.765632643,311.91564913052014,5.707254331114231e-15,1.0
field_150x50m_200C,185.0,15000.0,23250046.500093002,150.0,20.0,50.0,120,9,50,1,200.0,387.50077500155,0.005,6.14e-11,16793315.297198817,309.44587961894734,309.44587961894734,309.64021873345905,5161994.600779333,5161691.3555645365,303.24521482561323,5.615688574136723e-15,1.0
field_150x50m_200C,186.0,15000.0,23250046.500093002,150.0,20.0,50.0,120,9,50,1,200.0,387.50077500155,0.005,6.14e-11,16793315.297198817,300.7438843030638,300.7438843030638,300.93498956978266,5175412.28099273,5175117.561934207,294.71905855198634,5.609553679083791e-15,1.0
field_150x50m_200C,187.0,15000.0,23250046.500093002,150.0,20.0,50.0,120,9,50,1,200.0,387.50077500155,0.005,6.14e-11,16793315.297198817,292.19069189204555,292.19069189204555,292.3785305842753,5188448.360759485,5188162.022119103,286.3386404102707,5.529330568720341e-15,1.0
field_150x50m_200C,188.0,15000.0,23250046.500093002,150.0,20.0,50.0,120,9,50,1,200.0,387.50077500155,0.005,6.14e-11,16793315.297198817,283.7876037014082,283.7876037014082,283.97214718755316,5201109.5369753055,5200831.431737536,278.105237798354,5.471848003176971e-15,1.0
field_150x50m_200C,189.0,15000.0,23250046.500093002,150.0,20.0,50.0,120,9,50,1,200.0,387.50077500155,0.005,6.14e-11,16793315.297198817,275.5357381988355,275.5357381988355,275.716961863005,5213402.556436305,5213132.53648738,270.0199489535085,5.489093270195236e-15,1.0
field_150x50m_200C,190.0,15000.0,23250046.500093002,150.0,20.0,50.0,120,9,50,1,200.0,387.50077500155,0.005,6.14e-11,16793315.297198817,267.43603481543806,267.43603481543806,267.6139179738321,5225334.207851288,5225072.124154634,262.0836966829251,5.5228361753063876e-15,1.0
field_150x50m_200C,191.0,15000.0,23250046.500093002,150.0,20.0,50.0,120,9,50,1,200.0,387.50077500155,0.005,6.14e-11,16793315.297198817,259.48925793624164,259.48925793624164,259.66378374959436,5236911.314032079,5236657.016799837,254.2972322699975,5.466525641488115e-15,1.0
field_150x50m_200C,192.0,15000.0,23250046.500093002,150.0,20.0,50.0,120,9,50,1,200.0,387.50077500155,0.005,6.14e-11,16793315.297198817,251.69600105695196,251.69600105695196,251.8671564393213,5248140.724269294,5247894.063129779,246.6611395436677,5.4188966021379815e-15,1.0
field_150x50m_200C,193.0,15000.0,23250046.500093002,150.0,20.0,50.0,120,9,50,1,200.0,387.50077500155,0.005,6.14e-11,16793315.297198817,244.05669109404943,244.05669109404943,244.22446661823633,5259029.30690042,5258790.13106135,239.17583909815647,5.310057991919122e-15,1.0
field_150x50m_200C,194.0,15000.0,23250046.500093002,150.0,20.0,50.0,120,9,50,1,200.0,387.50077500155,0.005,6.14e-11,16793315.297198817,236.57159283530024,236.57159283530024,236.7359826351812,5269583.94207644,5269352.100483817,231.8415926504224,5.218918318444791e-15,1.0
field_150x50m_200C,195.0,15000.0,23250046.500093002,150.0,20.0,50.0,120,9,50,1,200.0,387.50077500155,0.005,6.14e-11,16793315.297198817,229.24081351784014,229.24081351784014,229.40181518789262,5279811.514732719,5279586.856225224,224.65850752276987,5.224172046224256e-15,1.0
field_150x50m_200C,196.0,15000.0,23250046.500093002,150.0,20.0,50.0,120,9,50,1,200.0,387.50077500155,0.005,6.14e-11,16793315.297198817,222.06430752108423,222.06430752108423,222.2219220133894,5289718.907769263,5289501.281228052,217.6265412381216,5.252288627684031e-15,1.0
field_150x50m_200C,197.0,15000.0,23250046.500093002,150.0,20.0,50.0,120,9,50,1,200.0,387.50077500155,0.005,6.14e-11,16793315.297198817,215.0418811618464,215.0418811618464,215.19611268084253,5299312.995444905,5299102.249938717,210.74550621559075,5.2251773836292145e-15,1.0
field_150x50m_200C,198.0,15000.0,23250046.500093002,150.0,20.0,50.0,120,9,50,1,200.0,387.50077500155,0.005,6.14e-11,16793315.297198817,208.17319757921186,208.17319757921186,208.32405347447227,5308600.63698944,5308396.621914914,204.0150745541505,5.310382095749608e-15,1.0
field_150x50m_200C,199.0,15000.0,23250046.500093002,150.0,20.0,50.0,120,9,50,1,200.0,387.50077500155,0.005,6.14e-11,16793315.297198817,201.45778169688757,201.45778169688757,201.6052723541957,5317588.670437146,5317391.235654282,197.43478289237683,5.412648589113713e-15,1.0
field_150x50m_200C,200.0,15000.0,23250046.500093002,150.0,20.0,50.0,120,9,50,1,200.0,387.50077500155,0.005,6.14e-11,16793315.297198817,194.89502525096844,194.89502525096844,195.0391639819499,5326283.906684624,5326092.90264732,191.00403733244008,5.367724157131324e-15,1.0
field_150x50m_200C,201.0,15000.0,23250046.500093002,150.0,20.0,50.0,120,9,50,1,200.0,387.50077500155,0.005,6.14e-11,16793315.297198817,188.4841918712931,188.4841918712931,188.62499480187006,5334693.12377534,5334508.401656951,184.7221184167647,5.23052936340919e-15,1.0
field_150x50m_200C,202.0,15000.0,23250046.500093002,150.0,20.0,50.0,120,9,50,1,200.0,387.50077500155,0.005,6.14e-11,16793315.297198817,182.22442220482048,182.22442220482048,182.36190816273802,5342823.061412746,5342644.473226627,178.58818614601526,5.10282598469518e-15,1.0
field_150x50m_200C,203.0,15000.0,23250046.500093002,150.0,20.0,50.0,120,9,50,1,200.0,387.50077500155,0.005,6.14e-11,16793315.297198817,176.1147390697386,176.1147390697386,176.24892947141342,5350680.415703356,5350507.814418356,172.60128502735043,5.0495874334964025e-15,1.0
field_150x50m_200C,204.0,15000.0,23250046.500093002,150.0,20.0,50.0,120,9,50,1,200.0,387.50077500155,0.005,6.14e-11,16793315.297198817,170.1540526293178,170.1540526293178,170.28497136624893,5358271.834130648,5358105.073781533,166.7603491421753,5.1788750325638385e-15,1.0
field_150x50m_200C,205.0,15000.0,23250046.500093002,150.0,20.0,50.0,120,9,50,1,200.0,387.50077500155,0.005,6.14e-11,16793315.297198817,164.3411655748375,164.3411655748375,164.46883889981618,5365603.910760202,5365442.846553007,161.06420722293888,5.150313408449909e-15,1.0
field_150x50m_200C,206.0,15000.0,23250046.500093002,150.0,20.0,50.0,120,9,50,1,200.0,387.50077500155,0.005,6.14e-11,16793315.297198817,158.67477830725426,158.67477830725426,158.79923472059568,5372683.1816760255,5372527.670088324,155.51158772884395,5.045164135737254e-15,1.0
field_150x50m_200C,207.0,15000.0,23250046.500093002,150.0,20.0,50.0,120,9,50,1,200.0,387.50077500155,0.005,6.14e-11,16793315.297198817,153.15349410762525,153.15349410762525,153.27476424364625,5379516.120647544,5379366.019523661,150.10112391069032,5.0750628636075204e-15,1.0
field_150x50m_200C,208.0,15000.0,23250046.500093002,150.0,20.0,50.0,120,9,50,1,200.0,387.50077500155,0.005,6.14e-11,16793315.297198817,147.77582428667048,147.77582428667048,147.89394080062004,5386109.135026355,5385964.303667527,144.8313588554201,4.982858987514213e-15,1.0
field_150x50m_200C,209.0,15000.0,23250046.500093002,150.0,20.0,50.0,120,9,50,1,200.0,387.50077500155,0.005,6.14e-11,16793315.297198817,142.5401933042312,142.5401933042312,142.65519075988087,5392468.561871373,5392328.861120898,139.70075050131015,4.912796881389948e-15,1.0
field_150x50m_200C,210.0,15000.0,23250046.500093002,150.0,20.0,50.0,120,9,50,1,200.0,387.50077500155,0.005,6.14e-11,16793315.297198817,137.44494384977182,137.44494384977182,137.55685860785732,5398600.6643006485,5398465.95662406,134.707676615132,4.92244720282153e-15,1.0
field_150x50m_200C,211.0,15000.0,23250046.500093002,150.0,20.0,50.0,120,9,50,1,200.0,387.50077500155,0.005,6.14e-11,16793315.297198817,132.48834187546805,132.48834187546805,132.59721198316916,5404511.628067735,5404381.777628038,129.85043972298968,4.887945026675026e-15,1.0
field_150x50m_200C,212.0,15000.0,23250046.500093002,150.0,20.0,50.0,120,9,50,1,200.0,387.50077500155,0.005,6.14e-11,16793315.297198817,127.668581573832,127.668581573832,127.77444665546832,5410207.558360133,5410082.431088173,125.12727198694631,4.8901746427785025e-15,1.0
field_150x50m_200C,213.0,15000.0,23250046.500093002,150.0,20.0,50.0,120,9,50,1,200.0,387.50077500155,0.005,6.14e-11,16793315.297198817,122.9837902922321,122.9837902922321,123.08669144134107,5415694.476817001,5415573.940477008,120.53634001994537,5.0387013215055625e-15,1.0
field_150x50m_200C,214.0,15000.0,23250046.500093002,150.0,20.0,50.0,120,9,50,1,200.0,387.50077500155,0.005,6.14e-11,16793315.297198817,118.43203337708783,118.43203337708783,118.53201305004495,5420978.318762976,5420862.243013371,116.07574963195076,4.978435426615106e-15,1.0
field_150x50m_200C,215.0,15000.0,23250046.500093002,150.0,20.0,50.0,120,9,50,1,200.0,387.50077500155,0.005,6.14e-11,16793315.297198817,114.01131894093422,114.01131894093422,114.10842085226412,5426064.930654692,5425953.187104219,111.7435505006311,4.9404050215799e-15,1.0
field_150x50m_200C,216.0,15000.0,23250046.500093002,150.0,20.0,50.0,120,9,50,1,200.0,387.50077500155,0.005,6.14e-11,16793315.297198817,109.71960254597673,109.71960254597673,109.81387156549633,5430960.067736248,5430852.529995514,107.53774076033635,4.94606011231206e-15,1.0
field_150x50m_200C,217.0,15000.0,23250046.500093002,150.0,20.0,50.0,120,9,50,1,200.0,387.50077500155,0.005,6.14e-11,16793315.297198817,105.55479179817847,105.55479179817847,105.64627385010131,5435669.391899635,5435565.935628159,103.45627150352041,5.0422687678231e-15,1.0
field_150x50m_200C,218.0,15000.0,23250046.500093002,150.0,20.0,50.0,120,9,50,1,200.0,387.50077500155,0.005,6.14e-11,16793315.297198817,101.51475084634725,101.51475084634725,101.60349281047318,5440198.469745907,5440098.972694745,99.49705118918902,5.050390082387504e-15,1.0
field_150x50m_200C,219.0,15000.0,23250046.500093002,150.0,20.0,50.0,120,9,50,1,200.0,387.50077500155,0.005,6.14e-11,16793315.297198817,97.59730478110752,97.59730478110752,97.68335439620806,5444552.770842592,5444457.112892667,95.65794995335212,5.133901768245813e-15,1.0
field_150x50m_200C,220.0,15000.0,23250046.500093002,150.0,20.0,50.0,120,9,50,1,200.0,387.50077500155,0.005,6.14e-11,16793315.297198817,93.80024392906503,93.80024392906503,93.88364969856838,5448737.666172701,5448645.729368912,91.93680381688114,5.1393765326167646e-15,1.0
field_150x50m_200C,221.0,15000.0,23250046.500093002,150.0,20.0,50.0,120,9,50,1,200.0,387.50077500155,0.005,6.14e-11,16793315.297198817,90.12132803788387,90.12132803788387,90.2021391379537,5452758.426770447,5452670.095351689,88.33141878657142,5.192453640490366e-15,1.0
field_150x50m_200C,222.0,15000.0,23250046.500093002,150.0,20.0,50.0,120,9,50,1,200.0,387.50077500155,0.005,6.14e-11,16793315.297198817,86.55829034840835,86.55829034840835,86.6365565385014,5456620.222538645,5456535.382963829,84.83957484561579,5.31080481316643e-15,1.0
field_150x50m_200C,223.0,15000.0,23250046.500093002,150.0,20.0,50.0,120,9,50,1,200.0,387.50077500155,0.005,6.14e-11,16793315.297198817,83.10884155036335,83.10884155036335,83.18461308634186,5460328.121242597,5460246.662212796,81.45902983008727,5.2922415132911694e-15,1.0
field_150x50m_200C,224.0,15000.0,23250046.500093002,150.0,20.0,50.0,120,9,50,1,200.0,387.50077500155,0.005,6.14e-11,16793315.297198817,79.7706736185672,79.7706736185672,79.84400116843389,5463887.08767512,5463808.900151961,78.1875231884231,5.348689763115639e-15,1.0
field_150x50m_200C,225.0,15000.0,23250046.500093002,150.0,20.0,50.0,120,9,50,1,200.0,387.50077500155,0.005,6.14e-11,16793315.297198817,76.54146352697866,76.54146352697866,76.61239808929307,5467301.982987289,5467226.960207698,75.02277962127926,5.468456971569711e-15,1.0
field_150x50m_200C,226.0,15000.0,23250046.500093002,150.0,20.0,50.0,120,9,50,1,200.0,387.50077500155,0.005,6.14e-11,16793315.297198817,73.41887683828169,73.41887683828169,73.48746966330818,5470577.564179325,5470505.601666755,71.96251259950203,5.483888612746214e-15,1.0
field_150x50m_200C,227.0,15000.0,23250046.500093002,150.0,20.0,50.0,120,9,50,1,200.0,387.50077500155,0.005,6.14e-11,16793315.297198817,70.4005711670838,70.4005711670838,70.46687368071433,5473718.483745983,5473649.479318255,69.00442775832623,5.4959088436726745e-15,1.0
field_150x50m_200C,228.0,15000.0,23250046.500093002,150.0,20.0,50.0,120,9,50,1,200.0,387.50077500155,0.005,6.14e-11,16793315.297198817,67.4841995151651,67.4841995151651,67.54826324564996,5476729.28947076,5476663.143244624,66.14622616626205,5.523038725419234e-15,1.0
field_150x50m_200C,229.0,15000.0,23250046.500093002,150.0,20.0,50.0,120,9,50,1,200.0,387.50077500155,0.005,6.14e-11,16793315.297198817,64.66741347756685,64.66741347756685,64.72928998508169,5479614.42436313,5479551.038755693,63.385607467482366,5.520775187626002e-15,1.0
field_150x50m_200C,230.0,15000.0,23250046.500093002,150.0,20.0,50.0,120,9,50,1,200.0,387.50077500155,0.005,6.14e-11,16793315.297198817,61.94786631864821,61.94786631864821,62.007607127714735,5482378.226733017,5482317.50646015,60.72027289684852,5.442797894141232e-15,1.0
field_150x50m_200C,231.0,15000.0,23250046.500093002,150.0,20.0,50.0,120,9,50,1,200.0,387.50077500155,0.005,6.14e-11,16793315.297198817,59.32321591756843,59.32321591756843,59.38087245234264,5485024.93039669,5484966.782468553,58.1479281670413,5.416401850085111e-15,1.0
field_150x50m_200C,232.0,15000.0,23250046.500093002,150.0,20.0,50.0,120,9,50,1,200.0,387.50077500155,0.005,6.14e-11,16793315.297198817,56.79112758296763,56.79112758296763,56.84675110539926,5487558.665008226,5487502.998722028,55.66628622756792,5.311216179873442e-15,1.0
field_150x50m_200C,233.0,15000.0,23250046.500093002,150.0,20.0,50.0,120,9,50,1,200.0,387.50077500155,0.005,6.14e-11,16793315.297198817,54.34927673692315,54.34927673692315,54.40291828778549,5489983.456510722,5489930.183440855,53.27306989571749,5.243105469678277e-15,1.0
field_150x50m_200C,234.0,15000.0,23250046.500093002,150.0,20.0,50.0,120,9,50,1,200.0,387.50077500155,0.005,6.14e-11,16793315.297198817,51.9953514685484,51.9953514685484,52.047061811330266,5492303.22770143,5492252.2616871,50.96601435981953,5.379195918636628e-15,1.0
field_150x50m_200C,235.0,15000.0,23250046.500093002,150.0,20.0,50.0,120,9,50,1,200.0,387.50077500155,0.005,6.14e-11,16793315.297198817,49.7270549578795,49.7270549578795,49.77688452552529,5494521.798905048,5494473.056035521,48.742869555433984,5.330061938731628e-15,1.0
field_150x50m_200C,236.0,15000.0,23250046.500093002,150.0,20.0,50.0,120,9,50,1,200.0,387.50077500155,0.005,6.14e-11,16793315.297198817,47.54210777095757,47.54210777095757,47.590106615435495,5496642.888749384,5496596.287346998,46.60140241535777,5.3243623444200215e-15,1.0
field_150x50m_200C,237.0,15000.0,23250046.500093002,150.0,20.0,50.0,120,9,50,1,200.0,387.50077500155,0.005,6.14e-11,16793315.297198817,45.438250027265646,45.438250027265646,45.48446777193919,5498670.115037743,5498625.575638778,44.53939899458017,5.302078112892132e-15,1.0
field_150x50m_200C,238.0,15000.0,23250046.500093002,150.0,20.0,50.0,120,9,50,1,200.0,387.50077500155,0.005,6.14e-11,16793315.297198817,43.41324344091538,43.41324344091538,43.45772923568683,5500606.995712362,5500564.441045919,42.554666471549446,5.2272154500071374e-15,1.0
field_150x50m_200C,239.0,15000.0,23250046.500093002,150.0,20.0,50.0,120,9,50,1,200.0,387.50077500155,0.005,6.14e-11,16793315.297198817,41.464873237200536,41.464873237200536,41.50767571639145,5502456.949903368,5502416.304868369,40.64503502733207,5.211626715313301e-15,1.0
field_150x50m_200C,240.0,15000.0,23250046.500093002,150.0,20.0,50.0,120,9,50,1,200.0,387.50077500155,0.005,6.14e-11,16793315.297198817,39.590949946343564,39.590949946343564,39.632117189272236,5504223.299057751,5504184.4906981755,38.808359604450224,5.267292373818374e-15,1.0
field_150x50m_200C,241.0,15000.0,23250046.500093002,150.0,20.0,50.0,120,9,50,1,200.0,387.50077500155,0.005,6.14e-11,16793315.297198817,37.78931107645582,37.78931107645582,37.82889057066732,5505909.268142986,5505872.225621467,37.04252154737397,5.2160051861438895e-15,1.0
field_150x50m_200C,242.0,15000.0,23250046.500093002,150.0,20.0,50.0,120,9,50,1,200.0,387.50077500155,0.005,6.14e-11,16793315.297198817,36.05782266791272,36.05782266791272,36.09586127501317,5507517.986919996,5507482.641489899,35.34543012682193,5.3162291980874834e-15,1.0
field_150x50m_200C,243.0,15000.0,23250046.500093002,150.0,20.0,50.0,120,9,50,1,200.0,387.50077500155,0.005,6.14e-11,16793315.297198817,34.39438073151232,34.39438073151232,34.43092465555558,5509052.491280285,5509018.776256364,33.71502395018768,5.321488757064626e-15,1.0
field_150x50m_200C,244.0,15000.0,23250046.500093002,150.0,20.0,50.0,120,9,50,1,200.0,387.50077500155,0.005,6.14e-11,16793315.297198817,32.79691257293903,32.79691257293903,32.83200733131051,5510515.724642154,5510483.575369922,32.14927226056047,5.2944882569656916e-15,1.0
field_150x50m_200C,245.0,15000.0,23250046.500093002,150.0,20.0,50.0,120,9,50,1,200.0,387.50077500155,0.005,6.14e-11,16793315.297198817,31.263378006194095,31.263378006194095,31.297068402933135,5511910.539401063,5511879.893224966,30.646176126944816,5.435785270103858e-15,1.0
field_150x50m_200C,246.0,15000.0,23250046.500093002,150.0,20.0,50.0,120,9,50,1,200.0,387.50077500155,0.005,6.14e-11,16793315.297198817,29.7917704587816,29.7917704587816,29.82410056028133,5513239.698429294,5513210.494659795,29.20376952840888,5.424067132452053e-15,1.0
field_150x50m_200C,247.0,15000.0,23250046.500093002,150.0,20.0,50.0,120,9,50,1,200.0,387.50077500155,0.005,6.14e-11,16793315.297198817,28.38011797155172,28.38011797155172,28.411131084572858,5514505.876620226,5514478.056499921,27.820120335003164,5.472882426915614e-15,1.0
field_150x50m_200C,248.0,15000.0,23250046.500093002,150.0,20.0,50.0,120,9,50,1,200.0,387.50077500155,0.005,6.14e-11,16793315.297198817,27.026484096204555,27.026484096204555,27.056222748136914,5515711.662472649,5515685.16914149,26.49333118838874,5.412728227714974e-15,1.0
field_150x50m_200C,249.0,15000.0,23250046.500093002,150.0,20.0,50.0,120,9,50,1,200.0,387.50077500155,0.005,6.14e-11,16793315.297198817,25.72896869354656,25.72896869354656,25.757474614850707,5516859.559710694,5516834.338170438,25.22154028520357,5.389208448056799e-15,1.0
field_150x50m_200C,250.0,15000.0,23250046.500093002,150.0,20.0,50.0,120,9,50,1,200.0,387.50077500155,0.005,6.14e-11,16793315.297198817,24.48570863566732,24.48570863566732,24.513022744426678,5517951.988935092,5517927.986013056,24.00292206626806,5.3612300141267615e-15,1.0
field_150x50m_200C,251.0,15000.0,23250046.500093002,150.0,20.0,50.0,120,9,50,1,200.0,387.50077500155,0.005,6.14e-11,16793315.297198817,23.294878415269874,23.294878415269874,23.321040803782477,5518991.289301616,5518968.453613832,22.83568781479663,5.493496640537555e-15,1.0
field_150x50m_200C,252.0,15000.0,23250046.500093002,150.0,20.0,50.0,120,9,50,1,200.0,387.50077500155,0.005,6.14e-11,16793315.297198817,22.15469066544112,22.15469066544112,22.179740588778685,5519979.720222712,5519958.002136575,21.718086166833128,5.494244906070139e-15,1.0
field_150x50m_200C,253.0,15000.0,23250046.500093002,150.0,20.0,50.0,120,9,50,1,200.0,387.50077500155,0.005,6.14e-11,16793315.297198817,21.063396593190785,21.063396593190785,21.08737245965214,5520919.463088473,5520898.814684967,20.6484035371705,5.514384340501463e-15,1.0
field_150x50m_200C,254.0,15000.0,23250046.500093002,150.0,20.0,50.0,120,9,50,1,200.0,387.50077500155,0.005,6.14e-11,16793315.297198817,20.019286330119808,20.019286330119808,20.04222569350492,5521812.623003264,5521792.99803883,19.62496446404597,5.491633637037186e-15,1.0
field_150x50m_200C,255.0,15000.0,23250046.500093002,150.0,20.0,50.0,120,9,50,1,200.0,387.50077500155,0.005,6.14e-11,16793315.297198817,19.020689203600305,19.020689203600305,19.042628757230563,5522661.230534432,5522642.584402586,18.646131875924706,5.3963588834288835e-15,1.0
field_150x50m_200C,256.0,15000.0,23250046.500093002,150.0,20.0,50.0,120,9,50,1,200.0,387.50077500155,0.005,6.14e-11,16793315.297198817,18.06597393186147,18.06597393186147,18.08694950427176,5523467.243469735,5523449.53316248,17.710307283696434,5.2938577839530546e-15,1.0
field_150x50m_200C,257.0,15000.0,23250046.500093002,150.0,20.0,50.0,120,9,50,1,200.0,387.50077500155,0.005,6.14e-11,16793315.297198817,17.15354874637821,17.15354874637821,17.173595298606333,5524232.548580218,5524215.732649346,16.815930901612596,5.319892746053527e-15,1.0
field_150x50m_200C,258.0,15000.0,23250046.500093002,150.0,20.0,50.0,120,9,50,1,200.0,387.50077500155,0.005,6.14e-11,16793315.297198817,16.281861444953744,16.281861444953744,16.301013069352386,5524958.963385472,5524943.001903801,15.961481700285738,5.3279513600174006e-15,1.0
field_150x50m_200C,259.0,15000.0,23250046.500093002,150.0,20.0,50.0,120,9,50,1,200.0,387.50077500155,0.005,6.14e-11,16793315.297198817,15.449399378871895,15.449399378871895,15.467689299369354,5525648.237918303,5525633.092440938,15.145477395058183,5.312642281877723e-15,1.0
field_150x50m_200C,260.0,15000.0,23250046.500093002,150.0,20.0,50.0,120,9,50,1,200.0,387.50077500155,0.005,6.14e-11,16793315.297198817,14.654689377473598,14.654689377473598,14.67214995120949,5526302.05648605,5526287.690011706,14.366474373026278,5.3494180559357906e-15,1.0
field_150x50m_200C,261.0,15000.0,23250046.500093002,150.0,20.0,50.0,120,9,50,1,200.0,387.50077500155,0.005,6.14e-11,16793315.297198817,13.896297613481122,13.896297613481122,13.912960333744095,5526922.039425885,5526908.416358354,13.623067561976004,5.471634849711563e-15,1.0
field_150x50m_200C,262.0,15000.0,23250046.500093002,150.0,20.0,50.0,120,9,50,1,200.0,387.50077500155,0.005,6.14e-11,16793315.297198817,13.172829412357885,13.172829412357885,13.188724912752974,5527509.744851617,5527496.830961403,12.913890244451139,5.562276841998179e-15,1.0
field_150x50m_200C,263.0,15000.0,23250046.500093002,150.0,20.0,50.0,120,9,50,1,200.0,387.50077500155,0.005,6.14e-11,16793315.297198817,12.482929008946948,12.482929008946948,12.498087068721713,5528066.670389627,5528054.432775837,12.237613820131653,5.498202196140118e-15,1.0
field_150x50m_200C,264.0,15000.0,23250046.500093002,150.0,20.0,50.0,120,9,50,1,200.0,387.50077500155,0.005,6.14e-11,16793315.297198817,11.825279254583334,11.825279254583334,11.839728805042348,5528594.2549017435,5528582.661954255,11.592947519652412,5.607525404677043e-15,1.0
field_150x50m_200C,265.0,15000.0,23250046.500093002,150.0,20.0,50.0,120,9,50,1,200.0,387.50077500155,0.005,6.14e-11,16793315.297198817,11.198601277819241,11.198601277819241,11.212370409757952,5529093.880192982,5529082.90155494,10.978638072938121,5.638107139780818e-15,1.0
field_150x50m_200C,266.0,15000.0,23250046.500093002,150.0,20.0,50.0,120,9,50,1,200.0,387.50077500155,0.005,6.14e-11,16793315.297198817,10.60165410184123,10.60165410184123,10.614770073931833,5529566.87270221,5529556.479232906,10.3934693350715,5.6469416687299315e-15,1.0
field_150x50m_200C,267.0,15000.0,23250046.500093002,150.0,20.0,50.0,120,9,50,1,200.0,387.50077500155,0.005,6.14e-11,16793315.297198817,10.03323422159422,10.03323422159422,10.045723469657016,5530014.50517395,5530004.668912109,9.836261872648635,5.638343546220448e-15,1.0
field_150x50m_200C,268.0,15000.0,23250046.500093002,150.0,20.0,50.0,120,9,50,1,200.0,387.50077500155,0.005,6.14e-11,16793315.297198817,9.492175143556786,9.492175143556786,9.504063290652628,5530437.9983096495,5530428.692437167,9.305872513506959,5.6522300838548484e-15,1.0
field_150x50m_200C,269.0,15000.0,23250046.500093002,150.0,20.0,50.0,120,9,50,1,200.0,387.50077500155,0.005,6.14e-11,16793315.297198817,8.977346891040519,8.977346891040519,8.988658758321076,5530838.522396874,5530829.721203042,8.801193862640808,5.63247651009026e-15,1.0
field_150x50m_200C,270.0,15000.0,23250046.500093002,150.0,20.0,50.0,120,9,50,1,200.0,387.50077500155,0.005,6.14e-11,16793315.297198817,8.48765547780843,8.48765547780843,8.498415096062915,5531217.198915023,5531208.877761267,8.321153787043515,5.570644727910422e-15,1.0
field_150x50m_200C,271.0,15000.0,23250046.500093002,150.0,20.0,50.0,120,9,50,1,200.0,387.50077500155,0.005,6.14e-11,16793315.297198817,8.022042352729091,8.022042352729091,8.032272974567817,5531575.102116269,5531567.237401428,7.8647148721383315,5.5644129094467966e-15,1.0
field_150x50m_200C,272.0,15000.0,23250046.500093002,150.0,20.0,50.0,120,9,50,1,200.0,387.50077500155,0.005,6.14e-11,16793315.297198817,7.579483818099869,7.579483818099869,7.589207930716799,5531913.260580537,5531905.829706715,7.430873852378881,5.58384901234275e-15,1.0
field_150x50m_200C,273.0,15000.0,23250046.500093002,150.0,20.0,50.0,120,9,50,1,200.0,387.50077500155,0.005,6.14e-11,16793315.297198817,7.15899042418935,7.15899042418935,7.168229762647535,5532232.658743479,5532225.640082492,7.0186610185182285,5.565724800109949e-15,1.0
field_150x50m_200C,274.0,15000.0,23250046.500093002,150.0,20.0,50.0,120,9,50,1,200.0,387.50077500155,0.005,6.14e-11,16793315.297198817,6.7596063424615105,6.7596063424615105,6.768381903447448,5532534.238396484,5532527.611256911,6.627139603960135,5.598639479901674e-15,1.0
field_150x50m_200C,275.0,15000.0,23250046.500093002,150.0,20.0,50.0,120,9,50,1,200.0,387.50077500155,0.005,6.14e-11,16793315.297198817,6.380408719857369,6.380408719857369,6.388740775851967,5532818.900157877,5532812.644752756,6.255405152520783,5.609775966439432e-15,1.0
field_150x50m_200C,276.0,15000.0,23250046.500093002,150.0,20.0,50.0,120,9,50,1,200.0,387.50077500155,0.005,6.14e-11,16793315.297198817,6.0205070164201535,6.0205070164201535,6.028415130236157,5533087.504914566,5533081.602329727,5.90258486984162,5.631701487828775e-15,1.0
field_150x50m_200C,277.0,15000.0,23250046.500093002,150.0,20.0,50.0,120,9,50,1,200.0,387.50077500155,0.005,6.14e-11,16793315.297198817,5.679042328459964,5.679042328459964,5.686545368097608,5533340.875233495,5533335.307396565,5.567836960605701,5.5231923613354264e-15,1.0
field_150x50m_200C,278.0,15000.0,23250046.500093002,150.0,20.0,50.0,120,9,50,1,200.0,387.50077500155,0.005,6.14e-11,16793315.297198817,5.3551866993639825,5.3551866993639825,5.362302853138547,5533579.796742344,5533574.546392421,5.25034995362175,5.5271196875962775e-15,1.0
field_150x50m_200C,279.0,15000.0,23250046.500093002,150.0,20.0,50.0,120,9,50,1,200.0,387.50077500155,0.005,6.14e-11,16793315.297198817,5.048142420066489,5.048142420066489,5.054889211963555,5533805.01947903,5533800.0701370435,4.949342016750401,5.497489923594317e-15,1.0
field_150x50m_200C,280.0,15000.0,23250046.500093002,150.0,20.0,50.0,120,9,50,1,200.0,387.50077500155,0.005,6.14e-11,16793315.297198817,4.757141321103066,4.757141321103066,4.763535626319127,5534017.259209605,5534012.595149372,4.664060263558843,5.492933700635011e-15,1.0
field_150x50m_200C,281.0,15000.0,23250046.500093002,150.0,20.0,50.0,120,9,50,1,200.0,387.50077500155,0.005,6.14e-11,16793315.297198817,4.481444058081789,4.481444058081789,4.4875021187100534,5534217.198714294,5534212.80493427,4.393780053500685,5.3683815124382645e-15,1.0
field_150x50m_200C,282.0,15000.0,23250046.500093002,150.0,20.0,50.0,120,9,50,1,200.0,387.50077500155,0.005,6.14e-11,16793315.297198817,4.220339392314973,4.220339392314973,4.226076833137945,5534405.489041424,5534401.351237167,4.137804287330013,5.356773598874277e-15,1.0
field_150x50m_200C,283.0,15000.0,23250046.500093002,150.0,20.0,50.0,120,9,50,1,200.0,387.50077500155,0.005,6.14e-11,16793315.297198817,3.973143468264815,3.973143468264815,3.9785753126173575,5534582.7507291315,5534578.855266462,3.8954626993706625,5.409350728621275e-15,1.0
field_150x50m_200C,284.0,15000.0,23250046.500093002,150.0,20.0,50.0,120,9,50,1,200.0,387.50077500155,0.005,6.14e-11,16793315.297198817,3.739199089368545,3.739199089368545,3.7443397750370537,5534749.574994741,5534745.908883623,3.666111148175462,5.4230590589978e-15,1.0
field_150x50m_200C,285.0,15000.0,23250046.500093002,150.0,20.0,50.0,120,9,50,1,200.0,387.50077500155,0.005,6.14e-11,16793315.297198817,3.5178749937207376,3.5178749937207376,3.522738388845921,5534906.524891847,5534903.075760969,3.4491309070242058,5.27050741699002e-15,1.0
field_150x50m_200C,286.0,15000.0,23250046.500093002,150.0,20.0,50.0,120,9,50,1,200.0,387.50077500155,0.005,6.14e-11,16793315.297198817,3.308565131004924,3.308565131004924,3.3131645499575963,5535054.136435123,5535050.892507197,3.243927955625207,5.383883777887209e-15,1.0
field_150x50m_200C,287.0,15000.0,23250046.500093002,150.0,20.0,50.0,120,9,50,1,200.0,387.50077500155,0.005,6.14e-11,16793315.297198817,3.110687941981849,3.110687941981849,3.115036161183035,5535192.919692997,5535189.869760753,3.0499322743023334,5.432249021078668e-15,1.0
field_150x50m_200C,288.0,15000.0,23250046.500093002,150.0,20.0,50.0,120,9,50,1,200.0,387.50077500155,0.005,6.14e-11,16793315.297198817,2.9236856417588677,2.9236856417588677,2.927794915417263,5535323.359848335,5535320.493251224,2.866597141868097,5.5157048684978084e-15,1.0
field_150x50m_200C,289.0,15000.0,23250046.500093002,150.0,20.0,50.0,120,9,50,1,200.0,387.50077500155,0.005,6.14e-11,16793315.297198817,2.7470235079841294,2.7470235079841294,2.7509055837258227,5535445.918227384,5535443.224828975,2.693398438304303,5.367689607307861e-15,1.0
field_150x50m_200C,290.0,15000.0,23250046.500093002,150.0,20.0,50.0,120,9,50,1,200.0,387.50077500155,0.005,6.14e-11,16793315.297198817,2.5801891750296195,2.5801891750296195,2.58385530939666,5535561.033297207,5535558.503463284,2.5298339532936582,5.45557775644619e-15,1.0
field_150x50m_200C,291.0,15000.0,23250046.500093002,150.0,20.0,50.0,120,9,50,1,200.0,387.50077500155,0.005,6.14e-11,16793315.297198817,2.4226919351505116,2.4226919351505116,2.42615290894664,5535669.12163196,5535666.746209289,2.3754227015707388,5.443510912318547e-15,1.0
field_150x50m_200C,292.0,15000.0,23250046.500093002,150.0,20.0,50.0,120,9,50,1,200.0,387.50077500155,0.005,6.14e-11,16793315.297198817,2.2740620475326736,2.2740620475326736,2.2773281809961476,5535770.578848322,5535768.349144107,2.229704245986579,5.562960728223114e-15,1.0
field_150x50m_200C,293.0,15000.0,23250046.500093002,150.0,20.0,50.0,120,9,50,1,200.0,387.50077500155,0.005,6.14e-11,16793315.297198817,2.1338500560679554,2.1338500560679554,2.1369312238530296,5535865.7805105,5535863.688272502,2.092238029110418,5.655900556305253e-15,1.0
field_150x50m_200C,294.0,15000.0,23250046.500093002,150.0,20.0,50.0,120,9,50,1,200.0,387.50077500155,0.005,6.14e-11,16793315.297198817,2.0016261166258493,2.0016261166258493,2.004531762576,5535955.083005219,5535953.120402536,1.962602714122454,5.728150401703356e-15,1.0
field_150x50m_200C,295.0,15000.0,23250046.500093002,150.0,20.0,50.0,120,9,50,1,200.0,387.50077500155,0.005,6.14e-11,16793315.297198817,1.876979334522343,1.876979334522343,1.879718486219847,5536038.824387146,5536036.9839916425,1.8403955356851387,5.781699142923764e-15,1.0
field_150x50m_200C,296.0,15000.0,23250046.500093002,150.0,20.0,50.0,120,9,50,1,200.0,387.50077500155,0.005,6.14e-11,16793315.297198817,1.7595171128207172,1.7595171128207172,1.7620983958986007,5536117.325195249,5536115.599963619,1.7252316614156604,5.711463902343245e-15,1.0
field_150x50m_200C,297.0,15000.0,23250046.500093002,150.0,20.0,50.0,120,9,50,1,200.0,387.50077500155,0.005,6.14e-11,16793315.297198817,1.6488645120359164,1.6488645120359164,1.6512961642397317,5536190.88924058,5536189.272497047,1.6167435645205424,5.704246409026672e-15,1.0
field_150x50m_200C,298.0,15000.0,23250046.500093002,150.0,20.0,50.0,120,9,50,1,200.0,387.50077500155,0.005,6.14e-11,16793315.297198817,1.544663621753159,1.544663621753159,1.546953506741323,5536259.804366026,5536258.28978565,1.5145804080933942,5.716340678260025e-15,1.0
field_150x50m_200C,299.0,15000.0,23250046.500093002,150.0,20.0,50.0,120,9,50,1,200.0,387.50077500155,0.005,6.14e-11,16793315.297198817,1.4465729446130333,1.4465729446130333,1.4487285654858233,5536324.343178581,5536322.924771171,1.418407441519717,5.624036917884771e-15,1.0
field_150x50m_200C,300.0,15000.0,23250046.500093002,150.0,20.0,50.0,120,9,50,1,200.0,387.50077500155,0.005,6.14e-11,16793315.297198817,1.3542667930596455,1.3542667930596455,1.3562953056080762,5536384.7637546975,5536383.435849319,1.3279054093779699,5.6126062914522805e-15,1.0
field_150x50m_200C,301.0,15000.0,23250046.500093002,150.0,20.0,50.0,120,9,50,1,200.0,387.50077500155,0.005,6.14e-11,16793315.297198817,1.2674346991947734,1.2674346991947734,1.2693429248618628,5536441.310319309,5536440.0675493665,1.2427699731736663,5.518844709222906e-15,1.0
field_150x50m_200C,302.0,15000.0,23250046.500093002,150.0,20.0,50.0,120,9,50,1,200.0,387.50077500155,0.005,6.14e-11,16793315.297198817,1.185780838030348,1.185780838030348,1.1875752765782883,5536494.213899126,5536493.051188011,1.162711146193524,5.534106550877965e-15,1.0
field_150x50m_200C,303.0,15000.0,23250046.500093002,150.0,20.0,50.0,120,9,50,1,200.0,387.50077500155,0.005,6.14e-11,16793315.297198817,1.1090234643830423,1.1090234643830423,1.1107103062609358,5536543.6929508075,5536542.605498096,1.0874527417192017,5.451365150936828e-15,1.0
field_150x50m_200C,304.0,15000.0,23250046.500093002,150.0,20.0,50.0,120,9,50,1,200.0,387.50077500155,0.005,6.14e-11,16793315.297198817,1.036894363608941,1.036894363608941,1.0384795020167417,5536589.953964621,5536588.937232816,1.0167318347952021,5.351147569690178e-15,1.0
field_150x50m_200C,305.0,15000.0,23250046.500093002,150.0,20.0,50.0,120,9,50,1,200.0,387.50077500155,0.005,6.14e-11,16793315.297198817,0.9691383163327246,0.9691383163327246,0.970627358977958,5536633.192044229,5536632.2417460205,0.9502982377028288,5.230524403504235e-15,1.0
field_150x50m_200C,306.0,15000.0,23250046.500093002,150.0,20.0,50.0,120,9,50,1,200.0,387.50077500155,0.005,6.14e-11,16793315.297198817,0.9055125772848266,0.9055125772848266,0.906910857829609,5536673.591463221,5536672.703549261,0.8879139892519513,5.277498442802116e-15,1.0
field_150x50m_200C,307.0,15000.0,23250046.500093002,150.0,20.0,50.0,120,9,50,1,200.0,387.50077500155,0.005,6.14e-11,16793315.297198817,0.8457863683212054,0.8457863683212054,0.8470989575178922,5536711.326199026,5536710.496846197,0.8293528579642411,5.290184184448244e-15,1.0
field_150x50m_200C,308.0,15000.0,23250046.500093002,150.0,20.0,50.0,120,9,50,1,200.0,387.50077500155,0.005,6.14e-11,16793315.297198817,0.7897403856641665,0.7897403856641665,0.7909721021787852,5536746.560444839,5536745.786045009,0.7743998591860535,5.266204336711987e-15,1.0
field_150x50m_200C,309.0,15000.0,23250046.500093002,150.0,20.0,50.0,120,9,50,1,200.0,387.50077500155,0.005,6.14e-11,16793315.297198817,0.7371663213684214,0.7371663213684214,0.7383217422917797,5536779.449100205,5536778.726249448,0.7228507861355572,5.3128084705631764e-15,1.0
field_150x50m_200C,310.0,15000.0,23250046.500093002,150.0,20.0,50.0,120,9,50,1,200.0,387.50077500155,0.005,6.14e-11,16793315.297198817,0.6878663989848459,0.6878663989848459,0.6889498700319139,5536810.138240875,5536809.46372915,0.6745117548575895,5.3775721521137535e-15,1.0
field_150x50m_200C,311.0,15000.0,23250046.500093002,150.0,20.0,50.0,120,9,50,1,200.0,387.50077500155,0.005,6.14e-11,16793315.297198817,0.6416529233646284,0.6416529233646284,0.6426685687634437,5536838.765568588,5536838.136369855,0.629198763030538,5.462441426549395e-15,1.0
field_150x50m_200C,312.0,15000.0,23250046.500093002,150.0,20.0,50.0,120,9,50,1,200.0,387.50077500155,0.005,6.14e-11,16793315.297198817,0.5983478445189377,0.5983478445189377,0.5992995765908802,5536865.460841387,5536864.874104154,0.5867372625425018,5.465139844522283e-15,1.0
field_150x50m_200C,313.0,15000.0,23250046.500093002,150.0,20.0,50.0,120,9,50,1,200.0,387.50077500155,0.005,6.14e-11,16793315.297198817,0.5577823354237552,0.5577823354237552,0.5586738638576153,5536890.346285101,5536889.799323386,0.546961745729017,5.4695131511356886e-15,1.0
field_150x50m_200C,314.0,15000.0,23250046.500093002,150.0,20.0,50.0,120,9,50,1,200.0,387.50077500155,0.005,6.14e-11,16793315.297198817,0.5197963836359074,0.5197963836359074,0.5206312244586799,5536913.536986611,5536913.027271296,0.5097153451414513,5.451942108809545e-15,1.0
field_150x50m_200C,315.0,15000.0,23250046.500093002,150.0,20.0,50.0,120,9,50,1,200.0,387.50077500155,0.005,6.14e-11,16793315.297198817,0.48423839656479056,0.48423839656479056,0.485019880812593,5536935.141269495,5536934.666420079,0.47484944669405715,5.553800040311957e-15,1.0
field_150x50m_200C,316.0,15000.0,23250046.500093002,150.0,20.0,50.0,120,9,50,1,200.0,387.50077500155,0.005,6.14e-11,16793315.297198817,0.4509648202244426,0.4509648202244426,0.45169610231741336,5536955.2610526765,5536954.818829391,0.4422233160182139,5.543361092984603e-15,1.0
field_150x50m_200C,317.0,15000.0,23250046.500093002,150.0,20.0,50.0,120,9,50,1,200.0,387.50077500155,0.005,6.14e-11,16793315.297198817,0.41983977127270083,0.41983977127270083,0.42052383709810587,5536973.992192646,5536973.580488939,0.41170373783480374,5.619643964021663e-15,1.0
field_150x50m_200C,318.0,15000.0,23250046.500093002,150.0,20.0,50.0,120,9,50,1,200.0,387.50077500155,0.005,6.14e-11,16793315.297198817,0.39073468212785717,0.39073468212785717,0.39137435683600613,5536991.4248098545,5536991.041645218,0.3831646681396608,5.6617224063490874e-15,1.0
field_150x50m_200C,319.0,15000.0,23250046.500093002,150.0,20.0,50.0,120,9,50,1,200.0,387.50077500155,0.005,6.14e-11,16793315.297198817,0.3635279589386538,0.3635279589386538,0.36412591445653897,5537007.643599849,5537007.287112981,0.3564868989827271,5.575113809248831e-15,1.0
field_150x50m_200C,320.0,15000.0,23250046.500093002,150.0,20.0,50.0,120,9,50,1,200.0,387.50077500155,0.005,6.14e-11,16793315.297198817,0.33810465217035657,0.33810465217035657,0.3386634144382239,5537022.7281297045,5537022.396571999,0.33155773560869917,5.515888687045019e-15,1.0
field_150x50m_200C,321.0,15000.0,23250046.500093002,150.0,20.0,50.0,120,9,50,1,200.0,387.50077500155,0.005,6.14e-11,16793315.297198817,0.3143561395581433,0.3143561395581433,0.3148780954944476,5537036.753120315,5537036.444849661,0.30827068571565264,5.612128327648163e-15,1.0
field_150x50m_200C,322.0,15000.0,23250046.500093002,150.0,20.0,50.0,120,9,50,1,200.0,387.50077500155,0.005,6.14e-11,16793315.297198817,0.2921798211688921,0.2921798211688921,0.29266722536932516,5537049.788715085,5537049.502189956,0.28652516057817534,5.641557776685139e-15,1.0
field_150x50m_200C,323.0,15000.0,23250046.500093002,150.0,20.0,50.0,120,9,50,1,200.0,387.50077500155,0.005,6.14e-11,16793315.297198817,0.2714788263036942,0.2714788263036942,0.27193380748015217,5537061.900735532,5537061.634509375,0.2662261877729327,5.627210325269174e-15,1.0
field_150x50m_200C,324.0,15000.0,23250046.500093002,150.0,20.0,50.0,120,9,50,1,200.0,387.50077500155,0.005,6.14e-11,16793315.297198817,0.2521617319659787,0.2521617319659787,0.25258629913151426,5537073.150924341,5537072.903640237,0.24728413523728626,5.620482953457864e-15,1.0
field_150x50m_200C,325.0,15000.0,23250046.500093002,150.0,20.0,50.0,120,9,50,1,200.0,387.50077500155,0.005,6.14e-11,16793315.297198817,0.23414229261384514,0.23414229261384514,0.23453834101977222,5537083.597176353,5537083.367561938,0.2296144463854099,5.6310139157281155e-15,1.0
field_150x50m_200C,326.0,15000.0,23250046.500093002,150.0,20.0,50.0,120,9,50,1,200.0,387.50077500155,0.005,6.14e-11,16793315.297198817,0.21733918091013826,0.21733918091013826,0.21770849774158715,5537093.293757995,5537093.08062064,0.2131373860013697,5.652715351283318e-15,1.0
field_150x50m_200C,327.0,15000.0,23250046.500093002,150.0,20.0,50.0,120,9,50,1,200.0,387.50077500155,0.005,6.14e-11,16793315.297198817,0.20167573917976603,0.20167573917976603,0.20202000901605655,5537102.291515609,5537102.093737844,0.1977777966246648,5.734578598474819e-15,1.0
field_150x50m_200C,328.0,15000.0,23250046.500093002,150.0,20.0,50.0,120,9,50,1,200.0,387.50077500155,0.005,6.14e-11,16793315.297198817,0.18707974128078922,0.18707974128078922,0.18740055132706934,5537110.638073175,5537110.454608342,0.1834648651408071,5.7079504379090444e-15,1.0
field_150x50m_200C,329.0,15000.0,23250046.500093002,150.0,20.0,50.0,120,9,50,1,200.0,387.50077500155,0.005,6.14e-11,16793315.297198817,0.17348316459376237,0.17348316459376237,0.17378200969039942,5537118.378019842,5537118.207887975,0.17013189928749117,5.695383387354876e-15,1.0
field_150x50m_200C,330.0,15000.0,23250046.500093002,150.0,20.0,50.0,120,9,50,1,200.0,387.50077500155,0.005,6.14e-11,16793315.297198817,0.16082197183267768,0.16082197183267768,0.16110025924891383,5537125.553087739,5537125.395371657,0.15771611378578843,5.666615988029255e-15,1.0
field_150x50m_200C,331.0,15000.0,23250046.500093002,150.0,20.0,50.0,120,9,50,1,200.0,387.50077500155,0.005,6.14e-11,16793315.297198817,0.14903590238054454,0.14903590238054454,0.14929495639893606,5537132.202320468,5537132.056162073,0.14615842580547767,5.671116537056176e-15,1.0
field_150x50m_200C,332.0,15000.0,23250046.500093002,150.0,20.0,50.0,120,9,50,1,200.0,387.50077500155,0.005,6.14e-11,16793315.297198817,0.13806827285310783,0.13806827285310783,0.13830933915126056,5537138.362232704,5537138.226829476,0.13540325947407233,5.6855571329387875e-15,1.0
field_150x50m_200C,333.0,15000.0,23250046.500093002,150.0,20.0,50.0,120,9,50,1,200.0,387.50077500155,0.005,6.14e-11,16793315.297198817,0.12786578659539263,0.12786578659539263,0.1280900364314755,5537144.066961293,5537143.9415629655,0.1253983591402541,5.69675776983018e-15,1.0
field_150x50m_200C,334.0,15000.0,23250046.500093002,150.0,20.0,50.0,120,9,50,1,200.0,387.50077500155,0.005,6.14e-11,16793315.297198817,0.11837835181758642,0.11837835181758642,0.11858688602606716,5537149.348408238,5537149.232313658,0.11609461110419911,5.631783514314731e-15,1.0
field_150x50m_200C,335.0,15000.0,23250046.500093002,150.0,20.0,50.0,120,9,50,1,200.0,387.50077500155,0.005,6.14e-11,16793315.297198817,0.10955890807924223,0.10955890807924223,0.10975276088323761,5537154.23637594,5537154.128930098,0.10744587352969891,5.7564883316618184e-15,1.0
field_150x50m_200C,336.0,15000.0,23250046.500093002,150.0,20.0,50.0,120,9,50,1,200.0,387.50077500155,0.005,6.14e-11,16793315.297198817,0.1013632608337636,0.1013632608337636,0.10154340348032737,5537158.758695063,5537158.659286281,0.09940881425588201,5.809588809870011e-15,1.0
field_150x50m_200C,337.0,15000.0,23250046.500093002,150.0,20.0,50.0,120,9,50,1,200.0,387.50077500155,0.005,6.14e-11,16793315.297198817,0.09374992374866213,0.09374992374866213,0.09391726797325928,5537162.94134536,5537162.849402635,0.09194275622979613,5.681248466637693e-15,1.0
field_150x50m_200C,338.0,15000.0,23250046.500093002,150.0,20.0,50.0,120,9,50,1,200.0,387.50077500155,0.005,6.14e-11,16793315.297198817,0.08667996852102611,0.08667996852102611,0.08683536984735392,5537166.808569796,5537166.723560298,0.08500953028496991,5.73637844161702e-15,1.0
field_150x50m_200C,339.0,15000.0,23250046.500093002,150.0,20.0,50.0,120,9,50,1,200.0,387.50077500155,0.005,6.14e-11,16793315.297198817,0.08011688191203456,0.08011688191203456,0.08026114279325598,5537170.382982302,5537170.304408999,0.07857333499537375,5.724622776964397e-15,1.0
field_150x50m_200C,340.0,15000.0,23250046.500093002,150.0,20.0,50.0,120,9,50,1,200.0,387.50077500155,0.005,6.14e-11,16793315.297198817,0.07402642972908759,0.07402642972908759,0.07416030253643772,5537173.68566945,5537173.613068879,0.07260060333883185,5.761091037346996e-15,1.0
field_150x50m_200C,341.0,15000.0,23250046.500093002,150.0,20.0,50.0,120,9,50,1,200.0,387.50077500155,0.005,6.14e-11,16793315.297198817,0.06837652748921183,0.06837652748921183,0.06850071735382626,5537176.736286364,5537176.669226519,0.06705987590891938,5.63042075666727e-15,1.0
field_150x50m_200C,342.0,15000.0,23250046.500093002,150.0,20.0,50.0,120,9,50,1,200.0,387.50077500155,0.005,6.14e-11,16793315.297198817,0.06313711750275694,0.06313711750275694,0.06325228501645438,5537179.553147143,5537179.491225493,0.061921680419620095,5.56368697045872e-15,1.0
field_150x50m_200C,343.0,15000.0,23250046.500093002,150.0,20.0,50.0,120,9,50,1,200.0,387.50077500155,0.005,6.14e-11,16793315.297198817,0.05828005212203109,0.05828005212203109,0.05838681590265849,5537182.153310082,5537182.096151696,0.05715841725253296,5.583662452933684e-15,1.0
field_150x50m_200C,344.0,15000.0,23250046.500093002,150.0,20.0,50.0,120,9,50,1,200.0,387.50077500155,0.005,6.14e-11,16793315.297198817,0.05377898290534754,0.05377898290534754,0.053877922032167326,5537184.55265794,5537184.49991372,0.05274425080211968,5.560801365675648e-15,1.0
field_150x50m_200C,345.0,15000.0,23250046.500093002,150.0,20.0,50.0,120,9,50,1,200.0,387.50077500155,0.005,6.14e-11,16793315.297198817,0.04960925545298343,0.04960925545298343,0.04970091177745244,5537186.765973522,5537186.717318547,0.04865500638038666,5.600463797142037e-15,1.0
field_150x50m_200C,346.0,15000.0,23250046.500093002,150.0,20.0,50.0,120,9,50,1,200.0,387.50077500155,0.005,6.14e-11,16793315.297198817,0.045747809677725,0.045747809677725,0.04583269001487586,5537188.807010806,5537188.762142764,0.04486807244843977,5.542021654196797e-15,1.0
field_150x50m_200C,347.0,15000.0,23250046.500093002,150.0,20.0,50.0,120,9,50,1,200.0,387.50077500155,0.005,6.14e-11,16793315.297198817,0.042173085278965794,0.042173085278965794,0.04225166348446739,5537190.688561858,5537190.64719958,0.041362307948513366,5.5472900597630036e-15,1.0
field_150x50m_200C,348.0,15000.0,23250046.500093002,150.0,20.0,50.0,120,9,50,1,200.0,387.50077500155,0.005,6.14e-11,16793315.297198817,0.03886493219572621,0.03886493219572621,0.03893765113355512,5537192.42251975,5537192.384401826,0.038117954516342104,5.552004443602513e-15,1.0
field_150x50m_200C,349.0,15000.0,23250046.500093002,150.0,20.0,50.0,120,9,50,1,200.0,387.50077500155,0.005,6.14e-11,16793315.297198817,0.03580452582041883,0.03580452582041883,0.03587179922593564,5537194.019937695,5537193.984821172,0.03511655336007008,5.560060807201497e-15,1.0
field_150x50m_200C,350.0,15000.0,23250046.500093002,150.0,20.0,50.0,120,9,50,1,200.0,387.50077500155,0.005,6.14e-11,16793315.297198817,0.03297428676170347,0.03297428676170347,0.03303650100478252,5537195.491084602,5537195.458743766,0.032340866598274946,5.565700123232989e-15,1.0
field_150x50m_200C,351.0,15000.0,23250046.500093002,150.0,20.0,50.0,120,9,50,1,200.0,387.50077500155,0.005,6.14e-11,16793315.297198817,0.030357804951304652,0.030357804951304652,0.03041532070402238,5537196.845497243,5537196.815722471,0.02977480285607988,5.57191440065725e-15,1.0
field_150x50m_200C,352.0,15000.0,23250046.500093002,150.0,20.0,50.0,120,9,50,1,200.0,387.50077500155,0.005,6.14e-11,16793315.297198817,0.027939767896211377,0.027939767896211377,0.02799292170945651,5537198.092029228,5537198.064625911,0.027403346924741525,5.501734123877303e-15,1.0
field_150x50m_200C,353.0,15000.0,23250046.500093002,150.0,20.0,50.0,120,9,50,1,200.0,387.50077500155,0.005,6.14e-11,16793315.297198817,0.02570589288419895,0.02570589288419895,0.025754998677422813,5537199.238896939,5537199.213684477,0.025212493296485804,5.64117904588012e-15,1.0
field_150x50m_200C,354.0,15000.0,23250046.500093002,150.0,20.0,50.0,120,9,50,1,200.0,387.50077500155,0.005,6.14e-11,16793315.297198817,0.023642862957111807,0.023642862957111807,0.02368821342529464,5537200.293722627,5537200.270533474,0.023189183392732,5.562703153679389e-15,1.0
field_150x50m_200C,355.0,15000.0,23250046.500093002,150.0,20.0,50.0,120,9,50,1,200.0,387.50077500155,0.005,6.14e-11,16793315.297198817,0.021738266472788568,0.021738266472788568,0.021780134414557516,5537201.263574794,5537201.242253578,0.021321246310157086,5.534082127003442e-15,1.0
field_150x50m_200C,356.0,15000.0,23250046.500093002,150.0,20.0,50.0,120,9,50,1,200.0,387.50077500155,0.005,6.14e-11,16793315.297198817,0.019980540082896407,0.019980540082896407,0.020019179653588678,5537202.155006046,5537202.135408734,0.019597342915306615,5.5045486850336995e-15,1.0
field_150x50m_200C,357.0,15000.0,23250046.500093002,150.0,20.0,50.0,120,9,50,1,200.0,387.50077500155,0.005,6.14e-11,16793315.297198817,0.01835891496025027,0.01835891496025027,0.018394562853578354,5537202.9740885375,5537202.956081655,0.01800691312464111,5.507176213532783e-15,1.0
field_150x50m_200C,358.0,15000.0,23250046.500093002,150.0,20.0,50.0,120,9,50,1,200.0,387.50077500155,0.005,6.14e-11,16793315.297198817,0.016863366115412583,0.016863366115412583,0.016896242677250213,5537203.726447158,5537203.709907062,0.016540126212999322,5.599021721973177e-15,1.0
field_150x50m_200C,359.0,15000.0,23250046.500093002,150.0,20.0,50.0,120,9,50,1,200.0,387.50077500155,0.005,6.14e-11,16793315.297198817,0.015484564648494733,0.015484564648494733,0.015514874926169018,5537204.417290588,5537204.402102785,0.015187833999462762,5.648143028785835e-15,1.0
field_150x50m_200C,360.0,15000.0,23250046.500093002,150.0,20.0,50.0,120,9,50,1,200.0,387.50077500155,0.005,6.14e-11,16793315.297198817,0.014213832788094622,0.014213832788094622,0.014241767518436803,5537205.051440351,5537205.037498855,0.01394152676549669,5.614055736766178e-15,1.0
field_150x50m_200C,361.0,15000.0,23250046.500093002,150.0,20.0,50.0,120,9,50,1,200.0,387.50077500155,0.005,6.14e-11,16793315.297198817,0.013043101575209399,0.013043101575209399,0.013068838114487547,5537205.633357973,5537205.620564712,0.012793291766028708,5.623691060962589e-15,1.0
field_150x50m_200C,362.0,15000.0,23250046.500093002,150.0,20.0,50.0,120,9,50,1,200.0,387.50077500155,0.005,6.14e-11,16793315.297198817,0.011964871055735618,0.011964871055735618,0.011988574254465504,5537206.167170369,5537206.155434626,0.011735774199783198,5.650518658545392e-15,1.0
field_150x50m_200C,363.0,15000.0,23250046.500093002,150.0,20.0,50.0,120,9,50,1,200.0,387.50077500155,0.005,6.14e-11,16793315.297198817,0.010972172850821837,0.010972172850821837,0.010993995876328364,5537206.656693562,5537206.6459314525,0.010762140510728553,5.614660402066984e-15,1.0
field_150x50m_200C,364.0,15000.0,23250046.500093002,150.0,20.0,50.0,120,9,50,1,200.0,387.50077500155,0.005,6.14e-11,16793315.297198817,0.010058534979848956,0.010058534979848956,0.010078620089329093,5537207.105454827,5537207.095588814,0.009866043897893735,5.545440647768413e-15,1.0
field_150x50m_200C,365.0,15000.0,23250046.500093002,150.0,20.0,50.0,120,9,50,1,200.0,387.50077500155,0.005,6.14e-11,16793315.297198817,0.009217948816190888,0.009217948816190888,0.009236428082911304,5537207.516713362,5537207.507671801,0.00904159191608014,5.616964046813501e-15,1.0
